word,phonetic,meaning,part_of_speech,level
studio,/ˈstuːdioʊ/,工作室；演播室,n.,B1
stuff,/stʌf/,东西；材料,n.,B1
substance,/ˈsʌbstəns/,物质；实质,n.,B1
successfully,/səkˈsesfəli/,成功地,adv.,B1
sudden,/ˈsʌdən/,突然的,adj.,B1
suffer,/ˈsʌfər/,遭受；受苦,v.,B1
suit,/suːt/,适合；套装,v.,B1
suitable,/ˈsuːtəbəl/,合适的,adj.,B1
summarize,/ˈsʌməraɪz/,总结；概括,v.,B1
summary,/ˈsʌməri/,总结；摘要,n.,B1
supply,/səˈplaɪ/,供应；供给,"n., v.",B1
supporter,/səˈpɔrtər/,支持者,n.,B1
surely,/ˈʃʊrli/,当然；肯定地,adv.,B1
surface,/ˈsɝːfɪs/,表面,n.,B1
survive,/sərˈvaɪv/,生存；幸存,v.,B1
swim,/swɪm/,游泳,n.,B1
switch,/swɪtʃ/,开关；转换,v.,B1
symptom,/ˈsɪmptəm/,症状,n.,B1
tail,/teɪl/,尾巴；末尾,n.,B1
talent,/ˈtælənt/,才能；天赋,n.,B1
talented,/ˈtæləntɪd/,有才能的,adj.,B1
tape,/teɪp/,胶带；磁带,n.,B1
tax,/tæks/,税；税款,"n., v.",B1
technical,/ˈtɛknɪkəl/,技术的,adj.,B1
technique,/tɛkˈniːk/,技术；技巧,n.,B1
tend,/tɛnd/,往往；倾向于,v.,B1
tent,/tɛnt/,帐篷,n.,B1
that,/ðæt/,那个；那,adv.,B1
theirs,/ðɛrz/,他们的,pron.,B1
theme,/θiːm/,主题,n.,B1
theory,/ˈθiːəri/,理论,n.,B1
therefore,/ˈðɛrfɔr/,因此；所以,adv.,B1
this,/ðɪs/,这个,adv.,B1
though,/ðoʊ/,虽然；不过,"conj., adv.",B1
throat,/θroʊt/,喉咙,n.,B1
throughout,/θruˈaʊt/,遍及；贯穿,prep./adv.,B1
tight,/taɪt/,紧的；紧密的,adj.,B1
till,/tɪl/,直到,conj./prep.,B1
tiny,/ˈtaɪni/,极小的,adj.,B1
tip,/tɪp/,尖端；小费；提示,v.,B1
tire,/taɪr/,使疲劳；轮胎,n.,B1
toe,/toʊ/,脚趾,n.,B1
ton,/tʌn/,吨,n.,B1
tongue,/tʌŋ/,舌头；语言,n.,B1
total,/ˈtoʊtəl/,总数；总的,"adj., n.",B1
totally,/ˈtoʊtəli/,完全地,adv.,B1
touch,/tʌtʃ/,触摸；接触,n.,B1
tour,/tʊr/,旅行；参观,v.,B1
trade,/treɪd/,贸易；交易,"n., v.",B1
trainer,/ˈtreɪnər/,教练；训练员,n.,B1
translate,/trænzˈleɪt/,翻译,v.,B1
translation,/trænzˈleɪʃən/,翻译；译文,n.,B1
transport,/ˈtrænspɔrt/,运输；交通,v.,B1
treat,/triːt/,对待；治疗,v.,B1
treatment,/ˈtriːtmənt/,治疗；处理,n.,B1
trend,/trɛnd/,趋势,n.,B1
trick,/trɪk/,把戏；技巧,"n., v.",B1
truth,/truːθ/,事实；真相,n.,B1
tube,/tuːb/,管子；管,n.,B1
type,/taɪp/,类型；打字,v.,B1
typically,/ˈtɪpɪkli/,通常；典型地,adv.,B1
ugly,/ˈʌɡli/,丑陋的,adj.,B1
unable,/ʌnˈeɪbəl/,不能的；无法的,adj.,B1
uncomfortable,/ʌnˈkʌmfərtəbəl/,不舒服的；不自在的,adj.,B1
underwear,/ˈʌndərwɛr/,内衣,n.,B1
unemployed,/ˌʌnɪmˈplɔɪd/,失业的,adj.,B1
unemployment,/ˌʌnɪmˈplɔɪmənt/,失业,n.,B1
unfair,/ʌnˈfɛr/,不公平的,adj.,B1
union,/ˈjuːnjən/,联盟；工会,n.,B1
unless,/ənˈlɛs/,除非,conj.,B1
unlike,/ʌnˈlaɪk/,不像；不同于,prep.,B1
unlikely,/ʌnˈlaɪkli/,不太可能的,adj.,B1
unnecessary,/ʌnˈnɛsəˌsɛri/,不必要的,adj.,B1
unpleasant,/ʌnˈplɛzənt/,令人不愉快的,adj.,B1
update,/ˌʌpˈdeɪt/,更新,"v., n.",B1
upon,/əˈpɑn/,在……之上；一……就,prep.,B1
upset,/ʌpˈsɛt/,难过的；使烦恼,"adj., v.",B1
used1,/juːzd/,使用过的；旧的,adj.,B1
used2,/juːst/,习惯于,adj.,B1
valuable,/ˈvæljuəbəl/,有价值的,adj.,B1
value,/ˈvæljuː/,价值；重视,n.,B1
various,/ˈvɛriəs/,各种各样的,adj.,B1
version,/ˈvɝːʒən/,版本,n.,B1
victim,/ˈvɪktəm/,受害者,n.,B1
view,/vjuː/,观点；看法；景色,v.,B1
viewer,/ˈvjuːər/,观众；观看者,n.,B1
violent,/ˈvaɪələnt/,暴力的；猛烈的,adj.,B1
volunteer,/ˌvɑlənˈtɪr/,志愿者；自愿做,"n., v.",B1
vote,/voʊt/,投票；选票,"n., v.",B1
warm,/wɔrm/,温暖的,v.,B1
warn,/wɔrn/,警告,v.,B1
warning,/ˈwɔrnɪŋ/,警告,n.,B1
waste,/weɪst/,浪费；废物,"n., v., adj.",B1
water,/ˈwɔtər/,水,v.,B1
wave,/weɪv/,波浪；挥手,v.,B1
weapon,/ˈwɛpən/,武器,n.,B1
weigh,/weɪ/,称重；有……重,v.,B1
western,/ˈwɛstərn/,西方的,adj.,B1
whatever,/wʌtˈɛvər/,无论什么；任何,det./pron.,B1
whenever,/wɛnˈɛvər/,无论何时,conj.,B1
whether,/ˈwɛðər/,是否,conj.,B1
while,/waɪl/,当……时候；虽然,n.,B1
whole,/hoʊl/,全部的；整体,n.,B1
will,/wɪl/,将；会,n.,B1
win,/wɪn/,赢；获胜,n.,B1
wing,/wɪŋ/,翅膀,n.,B1
within,/wɪˈðɪn/,在……之内,prep.,B1
wonder,/ˈwʌndər/,想知道；奇迹,"v., n.",B1
wool,/wʊl/,羊毛,n.,B1
worldwide,/ˌwɝːldˈwaɪd/,全世界的,"adj., adv.",B1
worry,/ˈwɝːi/,担心,n.,B1
worse,/wɝːs/,更糟的,adv.,B1
worst,/wɝːst/,最糟的,adv.,B1
worth,/wɝːθ/,值得；价值,adj.,B1
written,/ˈrɪtən/,书面的；写下的,adj.,B1
wrong,/rɔŋ/,错误的；不对的,adv.,B1
young,/jʌŋ/,年轻的,n.,B1
youth,/juːθ/,青年；青春,n.,B1
sailor,/ˈseɪlər/,水手,n.,B1
sample,/ˈsæmpəl/,样品；样本,n.,B1
sand,/sænd/,沙；沙子,n.,B1
scan,/skæn/,扫描,v.,B1
scientific,/ˌsaɪənˈtɪfɪk/,科学的,adj.,B1
script,/skrɪpt/,剧本；脚本,n.,B1
sculpture,/ˈskʌlptʃər/,雕塑,n.,B1
secondary,/ˈsɛkənˌdɛri/,次要的；中等的,adj.,B1
security,/sɪˈkjʊrəti/,安全；保障,n.,B1
seed,/siːd/,种子,n.,B1
sensible,/ˈsɛnsəbəl/,明智的；合理的,adj.,B1
separate,/ˈsɛpərət/,分开的；分离,v.,B1
seriously,/ˈsɪriəsli/,认真地；严重地,adv.,B1
servant,/ˈsɝːvənt/,仆人,n.,B1
set,/sɛt/,设置；放置；一套,(put) v.,B1
setting,/ˈsɛtɪŋ/,设置；环境,n.,B1
sex,/sɛks/,性别；性,n.,B1
sexual,/ˈsɛkʃuəl/,性的,adj.,B1
shake,/ʃeɪk/,摇动；握手,n.,B1
share,/ʃɛr/,分享；份额,n.,B1
sharp,/ʃɑrp/,锋利的；尖锐的,adj.,B1
shelf,/ʃɛlf/,架子；搁板,n.,B1
shell,/ʃɛl/,壳；外壳,n.,B1
shift,/ʃɪft/,转移；改变,n.,B1
shine,/ʃaɪn/,发光；照耀,v.,B1
shiny,/ˈʃaɪni/,有光泽的,adj.,B1
shoot,/ʃuːt/,射击；拍摄,v.,B1
shy,/ʃaɪ/,害羞的,adj.,B1
sight,/saɪt/,视力；景象,n.,B1
signal,/ˈsɪɡnəl/,信号；示意,"n., v.",B1
silent,/ˈsaɪlənt/,安静的；无声的,adj.,B1
silly,/ˈsɪli/,愚蠢的,adj.,B1
similarity,/ˌsɪməˈlærəti/,相似；相似之处,n.,B1
similarly,/ˈsɪmələrli/,类似地,adv.,B1
simply,/ˈsɪmpli/,简单地；仅仅,adv.,B1
since,/sɪns/,自从；因为,adv.,B1
sink,/sɪŋk/,下沉；水槽,v.,B1
slave,/sleɪv/,奴隶,n.,B1
slice,/slaɪs/,薄片；切片,"n., v.",B1
slightly,/ˈslaɪtli/,稍微,adv.,B1
slow,/sloʊ/,慢的,v.,B1
smooth,/smuːð/,光滑的；顺利的,adj.,B1
software,/ˈsɔftwɛr/,软件,n.,B1
soil,/sɔɪl/,土壤,n.,B1
solid,/ˈsɑlɪd/,固体；坚固的,"adj., n.",B1
sort,/sɔrt/,种类；分类,v.,B1
southern,/ˈsʌðərn/,南方的,adj.,B1
specifically,/spəˈsɪfɪkli/,具体地；特别地,adv.,B1
spending,/ˈspɛndɪŋ/,花费；支出,n.,B1
spicy,/ˈspaɪsi/,辛辣的,adj.,B1
spirit,/ˈspɪrət/,精神；灵魂,n.,B1
spoken,/ˈspoʊkən/,口头的；说过的,adj.,B1
spot,/spɑt/,地点；斑点,n.,B1
spread,/sprɛd/,传播；展开,v.,B1
spring,/sprɪŋ/,春天；弹簧,v.,B1
stadium,/ˈsteɪdiəm/,体育场,n.,B1
staff,/stæf/,员工；工作人员,n.,B1
standard,/ˈstændərd/,标准；标准的,"n., adj.",B1
state,/steɪt/,状态；州,"adj., v.",B1
statistic,/stəˈtɪstɪk/,统计数据,n.,B1
statue,/ˈstætʃuː/,雕像,n.,B1
stick,/stɪk/,棍子；粘住,(push into/attach) v.,B1
still,/stɪl/,仍然；静止的,adj.,B1
store,/stɔr/,商店；储存,v.,B1
stranger,/ˈstreɪndʒər/,陌生人,n.,B1
strength,/strɛŋθ/,力量；强度,n.,B1
string,/strɪŋ/,绳子；线,n.,B1
strongly,/ˈstrɔŋli/,强烈地,adv.,B1
properly,/ˈprɑpərli/,正确地；适当地,adv.,B1
property,/ˈprɑpərti/,财产；属性,n.,B1
protest,/ˈproʊtɛst/,抗议,"n., v.",B1
proud,/praʊd/,自豪的,adj.,B1
prove,/pruːv/,证明,v.,B1
pull,/pʊl/,拉；拖,n.,B1
punish,/ˈpʌnɪʃ/,惩罚,v.,B1
punishment,/ˈpʌnɪʃmənt/,惩罚,n.,B1
push,/pʊʃ/,推；推动,n.,B1
qualification,/ˌkwɑləfəˈkeɪʃən/,资格；资历,n.,B1
qualified,/ˈkwɑləˌfaɪd/,有资格的,adj.,B1
qualify,/ˈkwɑləˌfaɪ/,取得资格；使合格,v.,B1
quit,/kwɪt/,放弃；离开,v.,B1
quotation,/kwoʊˈteɪʃən/,引文；报价,n.,B1
quote,/kwoʊt/,引用；报价,"v., n.",B1
race,/reɪs/,比赛；种族,(of people) n.,B1
racing,/ˈreɪsɪŋ/,赛车；竞赛,n.,B1
raise,/reɪz/,提高；筹集,n.,B1
range,/reɪndʒ/,范围；一系列,n.,B1
rare,/rɛr/,罕见的,adj.,B1
rarely,/ˈrɛrli/,很少,adv.,B1
reaction,/riˈækʃən/,反应,n.,B1
reality,/riˈæləti/,现实,n.,B1
receipt,/rɪˈsiːt/,收据,n.,B1
recommendation,/ˌrɛkəmɛnˈdeɪʃən/,推荐；建议,n.,B1
reference,/ˈrɛfərəns/,参考；提及,n.,B1
reflect,/rɪˈflɛkt/,反映；反射,v.,B1
regularly,/ˈrɛɡjələrli/,定期地；经常地,adv.,B1
reject,/rɪˈdʒɛkt/,拒绝,v.,B1
relate,/rɪˈleɪt/,涉及；联系,v.,B1
related,/rɪˈleɪtɪd/,相关的,adj.,B1
relation,/rɪˈleɪʃən/,关系,n.,B1
relative,/ˈrɛlətɪv/,亲戚；相对的,"adj., n.",B1
relaxed,/rɪˈlækst/,放松的,adj.,B1
relaxing,/rɪˈlæksɪŋ/,令人放松的,adj.,B1
release,/rɪˈliːs/,释放；发布,"v., n.",B1
reliable,/rɪˈlaɪəbəl/,可靠的,adj.,B1
religion,/rɪˈlɪdʒən/,宗教,n.,B1
religious,/rɪˈlɪdʒəs/,宗教的,adj.,B1
remain,/rɪˈmeɪn/,保持；留下,v.,B1
remind,/rɪˈmaɪnd/,提醒,v.,B1
remote,/rɪˈmoʊt/,遥远的；远程的,adj.,B1
rent,/rɛnt/,租金；租用,"n., v.",B1
repair,/rɪˈpɛr/,修理,n.,B1
repeat,/rɪˈpiːt/,重复,n.,B1
repeated,/rɪˈpiːtɪd/,重复的,adj.,B1
represent,/ˌrɛprɪˈzɛnt/,代表,v.,B1
request,/rɪˈkwɛst/,请求,v.,B1
require,/rɪˈkwaɪr/,需要；要求,v.,B1
reservation,/ˌrɛzərˈveɪʃən/,预订,n.,B1
resource,/ˈriːsɔrs/,资源,n.,B1
respect,/rɪˈspɛkt/,尊重；尊敬,"n., v.",B1
responsibility,/rɪˌspɑnsəˈbɪləti/,责任,n.,B1
responsible,/rɪˈspɑnsəbəl/,负责的,adj.,B1
result,/rɪˈzʌlt/,结果,v.,B1
retire,/rɪˈtaɪr/,退休,v.,B1
retired,/rɪˈtaɪrd/,退休的,adj.,B1
revise,/rɪˈvaɪz/,修改；复习,v.,B1
ring2,/rɪŋ/,戒指；铃声,n.,B1
risk,/rɪsk/,风险,"n., v.",B1
robot,/ˈroʊbɑt/,机器人,n.,B1
roll,/roʊl/,滚动；卷,"v., n.",B1
romantic,/roʊˈmæntɪk/,浪漫的,adj.,B1
rope,/roʊp/,绳子,n.,B1
rough,/rʌf/,粗糙的；艰难的,adj.,B1
row1,/roʊ/,排；行,n.,B1
royal,/ˈrɔɪəl/,皇家的,adj.,B1
rule,/ruːl/,规则；统治,v.,B1
safety,/ˈseɪfti/,安全,n.,B1
sail,/seɪl/,航行；帆,n.,B1
painful,/ˈpeɪnfəl/,疼痛的；痛苦的,adj.,B1
pale,/peɪl/,苍白的,adj.,B1
pan,/pæn/,平底锅,n.,B1
participate,/pɑrˈtɪsəˌpeɪt/,参加,v.,B1
particularly,/pərˈtɪkjələrli/,尤其；特别,adv.,B1
pass,/pæs/,通过；经过,n.,B1
passion,/ˈpæʃən/,热情；激情,n.,B1
path,/pæθ/,小路；路径,n.,B1
payment,/ˈpeɪmənt/,付款,n.,B1
peaceful,/ˈpiːsfəl/,和平的；宁静的,adj.,B1
percentage,/pərˈsɛntɪdʒ/,百分比,n.,B1
perfectly,/ˈpɝːfɪktli/,完美地；完全地,adv.,B1
performance,/pərˈfɔrməns/,表现；表演,n.,B1
personally,/ˈpɝːsənəli/,亲自；个人而言,adv.,B1
persuade,/pərˈsweɪd/,说服,v.,B1
photographer,/fəˈtɑɡrəfər/,摄影师,n.,B1
photography,/fəˈtɑɡrəfi/,摄影,n.,B1
pin,/pɪn/,别针；固定,"n., v.",B1
pipe,/paɪp/,管子,n.,B1
place,/pleɪs/,地方；放置,v.,B1
planning,/ˈplænɪŋ/,计划；规划,n.,B1
pleasant,/ˈplɛzənt/,令人愉快的,adj.,B1
pleasure,/ˈplɛʒər/,快乐；乐趣,n.,B1
plenty,/ˈplɛnti/,大量；充足,pron.,B1
plot,/plɑt/,情节；阴谋,n.,B1
plus1,/plʌs/,加；加号,prep.,B1
poem,/ˈpoʊəm/,诗；诗歌,n.,B1
poet,/ˈpoʊət/,诗人,n.,B1
poetry,/ˈpoʊətri/,诗歌,n.,B1
point,/pɔɪnt/,点；要点；观点,v.,B1
poison,/ˈpɔɪzən/,毒药；毒物,"n., v.",B1
poisonous,/ˈpɔɪzənəs/,有毒的,adj.,B1
policy,/ˈpɑləsi/,政策；方针,n.,B1
political,/pəˈlɪtɪkəl/,政治的,adj.,B1
politician,/ˌpɑləˈtɪʃən/,政治家；政客,n.,B1
politics,/ˈpɑlətɪks/,政治,n.,B1
port,/pɔrt/,港口,n.,B1
portrait,/ˈpɔrtrət/,肖像；画像,n.,B1
possibly,/ˈpɑsəbli/,可能；也许,adv.,B1
pot,/pɑt/,锅；罐,n.,B1
pour,/pɔr/,倒；倾倒,v.,B1
poverty,/ˈpɑvərti/,贫穷；贫困,n.,B1
powder,/ˈpaʊdər/,粉末,n.,B1
powerful,/ˈpaʊərfəl/,强大的,adj.,B1
practical,/ˈpræktɪkəl/,实际的；实用的,adj.,B1
pray,/preɪ/,祈祷,v.,B1
prayer,/prɛr/,祷告；祈祷,n.,B1
prediction,/prɪˈdɪkʃən/,预测,n.,B1
prepared,/prɪˈpɛrd/,准备好的,adj.,B1
presentation,/ˌprɛzənˈteɪʃən/,演示；介绍,n.,B1
press,/prɛs/,按；新闻界,"n., v.",B1
pressure,/ˈprɛʃər/,压力,n.,B1
pretend,/prɪˈtɛnd/,假装,v.,B1
previous,/ˈpriːviəs/,以前的,adj.,B1
previously,/ˈpriːviəsli/,以前；先前,adv.,B1
priest,/priːst/,牧师；神父,n.,B1
primary,/ˈpraɪˌmɛri/,主要的；初级的,adj.,B1
prince,/prɪns/,王子,n.,B1
princess,/ˈprɪnsɛs/,公主,n.,B1
principal,/ˈprɪnsəpəl/,主要的；校长,n.,B1
printing,/ˈprɪntɪŋ/,印刷,n.,B1
prisoner,/ˈprɪzənər/,囚犯,n.,B1
private,/ˈpraɪvət/,私人的,adj.,B1
producer,/prəˈduːsər/,制片人；生产者,n.,B1
production,/prəˈdʌkʃən/,生产；制作,n.,B1
profession,/prəˈfɛʃən/,职业,n.,B1
profit,/ˈprɑfɪt/,利润；获利,n.,B1
program,/ˈproʊɡræm/,项目；程序；节目,v.,B1
promote,/prəˈmoʊt/,促进；晋升,v.,B1
proper,/ˈprɑpər/,适当的；正确的,adj.,B1
living,/ˈlɪvɪŋ/,生活；生存,"adj., n.",B1
local,/ˈloʊkəl/,当地的,n.,B1
locate,/ˈloʊkeɪt/,确定……的位置,v.,B1
located,/ˈloʊkeɪtɪd/,位于,adj.,B1
location,/loʊˈkeɪʃən/,位置；地点,n.,B1
lonely,/ˈloʊnli/,孤独的,adj.,B1
loss,/lɔs/,损失；失去,n.,B1
luxury,/ˈlʌɡʒəri/,奢侈；奢侈品,n.,B1
mad,/mæd/,疯狂的；生气的,adj.,B1
magic,/ˈmædʒɪk/,魔法；神奇的,"n., adj.",B1
mainly,/ˈmeɪnli/,主要地,adv.,B1
management,/ˈmænɪdʒmənt/,管理,n.,B1
market,/ˈmɑrkɪt/,市场,v.,B1
marketing,/ˈmɑrkətɪŋ/,市场营销,n.,B1
marriage,/ˈmærɪdʒ/,婚姻,n.,B1
meanwhile,/ˈmiːnwaɪl/,与此同时,adv.,B1
measure,/ˈmɛʒər/,测量；措施,"v., n.",B1
medium,/ˈmiːdiəm/,中等的；媒介,adj.,B1
mental,/ˈmɛntəl/,精神的；心理的,adj.,B1
mention,/ˈmɛnʃən/,提到,n.,B1
mess,/mɛs/,混乱；弄乱,n.,B1
mild,/maɪld/,温和的,adj.,B1
mine,/maɪn/,我的；矿,(hole in the ground) n.,B1
mix,/mɪks/,混合,"v., n.",B1
mixture,/ˈmɪkstʃər/,混合物,n.,B1
mood,/muːd/,情绪；心情,n.,B1
move,/muːv/,移动；搬家,n.,B1
mud,/mʌd/,泥；泥浆,n.,B1
murder,/ˈmɝːdər/,谋杀,"n., v.",B1
muscle,/ˈmʌsəl/,肌肉,n.,B1
musical,/ˈmjuːzɪkəl/,音乐的；音乐剧,n.,B1
mystery,/ˈmɪstəri/,神秘；谜,n.,B1
nail,/neɪl/,指甲；钉子,n.,B1
narrative,/ˈnærətɪv/,叙述；故事,"n., adj.",B1
nation,/ˈneɪʃən/,国家；民族,n.,B1
native,/ˈneɪtɪv/,本地的；本国的,"adj., n.",B1
naturally,/ˈnætʃərəli/,自然地；当然,adv.,B1
neat,/niːt/,整洁的,adj.,B1
necessarily,/ˌnɛsəˈsɛrəli/,必然地；必要地,adv.,B1
need,/niːd/,需要,modal v.,B1
needle,/ˈniːdəl/,针,n.,B1
neither,/ˈniːðər/,两者都不,adv.,B1
net,/nɛt/,网；净额,n.,B1
next,/nɛkst/,下一个的；接下来,n.,B1
nor,/nɔr/,也不,conj./adv.,B1
normal,/ˈnɔrməl/,正常的,n.,B1
northern,/ˈnɔrðərn/,北方的,adj.,B1
note,/noʊt/,笔记；注意,v.,B1
now,/naʊ/,现在,conj.,B1
nuclear,/ˈnuːkliər/,核的,adj.,B1
obvious,/ˈɑbviəs/,明显的,adj.,B1
obviously,/ˈɑbviəsli/,明显地,adv.,B1
occasion,/əˈkeɪʒən/,场合；时机,n.,B1
occur,/əˈkɝː/,发生,v.,B1
odd,/ɑd/,奇怪的；奇数的,adj.,B1
official,/əˈfɪʃəl/,官方的；官员,adj.,B1
old-fashioned,/ˌoʊldˈfæʃənd/,老式的；过时的,adj.,B1
once,/wʌns/,一次；曾经,conj.,B1
operation,/ˌɑpəˈreɪʃən/,操作；手术,n.,B1
organized,/ˈɔrɡənaɪzd/,有组织的,adj.,B1
organizer,/ˈɔrɡənaɪzər/,组织者,n.,B1
original,/əˈrɪdʒənəl/,原来的；原创的,n.,B1
originally,/əˈrɪdʒənəli/,原来；起初,adv.,B1
ought,/ɔt/,应该,modal v.,B1
ours,/aʊərz/,我们的,pron.,B1
outdoor,/ˈaʊtdɔr/,户外的,adj.,B1
outdoors,/ˌaʊtˈdɔrz/,在户外,adv.,B1
overseas,/ˌoʊvərˈsiːz/,海外的；在海外,adj.,B1
pack,/pæk/,包；打包,n.,B1
package,/ˈpækɪdʒ/,包裹；包装,n.,B1
honest,/ˈɑnɪst/,诚实的,adj.,B1
horrible,/ˈhɔrəbəl/,可怕的；糟糕的,adj.,B1
horror,/ˈhɔrər/,恐怖；恐怖片,n.,B1
host,/hoʊst/,主人；主持人,n.,B1
hunt,/hʌnt/,打猎；寻找,v.,B1
hurricane,/ˈhɝːəkeɪn/,飓风,n.,B1
hurry,/ˈhɝːi/,匆忙；赶快,"n., v.",B1
identity,/aɪˈdɛntəti/,身份；特征,n.,B1
ignore,/ɪɡˈnɔr/,忽视,v.,B1
illegal,/ɪˈliːɡəl/,非法的,adj.,B1
imaginary,/ɪˈmædʒəˌnɛri/,想象的；虚构的,adj.,B1
immediate,/ɪˈmiːdiət/,立即的；直接的,adj.,B1
immigrant,/ˈɪməɡrənt/,移民,n.,B1
impact,/ˈɪmpækt/,影响；冲击,"n., v.",B1
import,/ˈɪmpɔrt/,进口；进口商品,"n., v.",B1
importance,/ɪmˈpɔrtəns/,重要性,n.,B1
impression,/ɪmˈprɛʃən/,印象,n.,B1
impressive,/ɪmˈprɛsɪv/,令人印象深刻的,adj.,B1
improvement,/ɪmˈpruːvmənt/,改善；进步,n.,B1
incredibly,/ɪnˈkrɛdəbli/,难以置信地；非常,adv.,B1
indeed,/ɪnˈdiːd/,确实；的确,adv.,B1
indicate,/ˈɪndəkeɪt/,表明；指出,v.,B1
indirect,/ˌɪndəˈrɛkt/,间接的,adj.,B1
indoor,/ˈɪndɔr/,室内的,adj.,B1
indoors,/ˌɪnˈdɔrz/,在室内,adv.,B1
influence,/ˈɪnfluəns/,影响；影响力,"n., v.",B1
ingredient,/ɪnˈɡriːdiənt/,成分；原料,n.,B1
injure,/ˈɪndʒər/,伤害,v.,B1
injured,/ˈɪndʒərd/,受伤的,adj.,B1
innocent,/ˈɪnəsənt/,无辜的,adj.,B1
intelligence,/ɪnˈtɛlədʒəns/,智力；情报,n.,B1
intend,/ɪnˈtɛnd/,打算,v.,B1
intention,/ɪnˈtɛnʃən/,意图；目的,n.,B1
invest,/ɪnˈvɛst/,投资,v.,B1
investigate,/ɪnˈvɛstəɡeɪt/,调查,v.,B1
involved,/ɪnˈvɑlvd/,涉及的；参与的,adj.,B1
iron,/ˈaɪərn/,铁；熨斗,"n., v.",B1
issue,/ˈɪʃuː/,问题；发行,n.,B1
IT,/ˌaɪ ˈtiː/,信息技术,n.,B1
journal,/ˈdʒɝːnəl/,杂志；日志,n.,B1
journey,/ˈdʒɝːni/,旅行；旅程,n.,B1
judge,/dʒʌdʒ/,法官；判断,"n., v.",B1
key,/kiː/,钥匙；关键,v.,B1
keyboard,/ˈkiːbɔrd/,键盘,n.,B1
kick,/kɪk/,踢,"v., n.",B1
killing,/ˈkɪlɪŋ/,杀戮；谋杀,n.,B1
kind,/kaɪnd/,种类；友善的,(caring) adj.,B1
kiss,/kɪs/,吻；亲吻,"v., n.",B1
knock,/nɑk/,敲；撞,n.,B1
label,/ˈleɪbəl/,标签,"n., v.",B1
laboratory,/ˈlæbrətɔri/,实验室,n.,B1
lack,/læk/,缺乏；缺少,"n., v.",B1
latest,/ˈleɪtəst/,最新的,adj.,B1
lay,/leɪ/,放置；铺放,v.,B1
layer,/ˈleɪər/,层,n.,B1
lead1,/liːd/,带领；领导,n.,B1
leading,/ˈliːdɪŋ/,主要的；领先的,adj.,B1
leaf,/liːf/,叶子,n.,B1
leather,/ˈlɛðər/,皮革,n.,B1
legal,/ˈliːɡəl/,合法的；法律的,adj.,B1
leisure,/ˈliːʒər/,闲暇；休闲,n.,B1
length,/lɛŋθ/,长度,n.,B1
level,/ˈlɛvəl/,水平；等级,adj.,B1
lie2,/laɪ/,躺；位于,"(tell a lie) v., n.",B1
like,/laɪk/,喜欢；像,(find sb/sth pleasant) n.,B1
limit,/ˈlɪmɪt/,限制；限度,"n., v.",B1
lip,/lɪp/,嘴唇,n.,B1
liquid,/ˈlɪkwɪd/,液体,"n., adj.",B1
literature,/ˈlɪtərətʃər/,文学,n.,B1
live2,/laɪv/,活着；现场直播,"adj., adv.",B1
fashionable,/ˈfæʃənəbəl/,时髦的,adj.,B1
fasten,/ˈfæsən/,系牢；固定,v.,B1
favor,/ˈfeɪvər/,喜爱；帮助,n.,B1
fear,/fɪr/,害怕；恐惧,v.,B1
feature,/ˈfiːtʃər/,特点；特征,v.,B1
federal,/ˈfɛdərəl/,联邦的,adj.,B1
fence,/fɛns/,栅栏,n.,B1
fighting,/ˈfaɪtɪŋ/,战斗；打架,n.,B1
file,/faɪl/,文件；档案,n.,B1
financial,/faɪˈnænʃəl/,金融的；财务的,adj.,B1
fitness,/ˈfɪtnəs/,健康；健身,n.,B1
fixed,/fɪkst/,固定的；确定的,adj.,B1
flag,/flæɡ/,旗帜,n.,B1
flood,/flʌd/,洪水；淹没,"n., v.",B1
flour,/flaʊər/,面粉,n.,B1
flow,/floʊ/,流动；流量,"v., n.",B1
fold,/foʊld/,折叠,v.,B1
folk,/foʊk/,人们；民间的,"n., adj.",B1
following,/ˈfɑloʊɪŋ/,接下来的；以下的,n.,B1
force,/fɔrs/,力量；迫使,"n., v.",B1
forever,/fərˈɛvər/,永远,adv.,B1
frame,/freɪm/,框架；画框,"n., v.",B1
freeze,/friːz/,冻结,v.,B1
frequently,/ˈfriːkwəntli/,经常地,adv.,B1
friendship,/ˈfrɛndʃɪp/,友谊,n.,B1
frighten,/ˈfraɪtən/,使害怕,v.,B1
frightened,/ˈfraɪtənd/,害怕的,adj.,B1
frightening,/ˈfraɪtənɪŋ/,令人害怕的,adj.,B1
frozen,/ˈfroʊzən/,冻结的,adj.,B1
fry,/fraɪ/,油炸；煎,v.,B1
fuel,/ˈfjuːəl/,燃料,n.,B1
function,/ˈfʌŋkʃən/,功能；作用,n.,B1
fur,/fɝː/,毛皮,n.,B1
further,/ˈfɝːðər/,进一步的；更远的,adv.,B1
garage,/ɡəˈrɑʒ/,车库,n.,B1
gather,/ˈɡæðər/,聚集；收集,v.,B1
generally,/ˈdʒɛnərəli/,通常；一般地,adv.,B1
generation,/ˌdʒɛnəˈreɪʃən/,一代；世代,n.,B1
generous,/ˈdʒɛnərəs/,慷慨的,adj.,B1
gentle,/ˈdʒɛntəl/,温和的；轻柔的,adj.,B1
gentleman,/ˈdʒɛntəlmən/,绅士；先生,n.,B1
ghost,/ɡoʊst/,鬼；幽灵,n.,B1
giant,/ˈdʒaɪənt/,巨大的；巨人,"adj., n.",B1
glad,/ɡlæd/,高兴的,adj.,B1
global,/ˈɡloʊbəl/,全球的,adj.,B1
glove,/ɡlʌv/,手套,n.,B1
go,/ɡoʊ/,去；走,n.,B1
grade,/ɡreɪd/,等级；成绩,n.,B1
graduate,/ˈɡrædʒuət/,毕业；毕业生,"n., v.",B1
grain,/ɡreɪn/,谷物；颗粒,n.,B1
grateful,/ˈɡreɪtfəl/,感激的,adj.,B1
growth,/ɡroʊθ/,增长；成长,n.,B1
guard,/ɡɑrd/,守卫；保护,"n., v.",B1
guilty,/ˈɡɪlti/,有罪的；内疚的,adj.,B1
hand,/hænd/,手；递给,v.,B1
hang,/hæŋ/,悬挂；挂,v.,B1
happiness,/ˈhæpinəs/,幸福；快乐,n.,B1
hardly,/ˈhɑrdli/,几乎不,adv.,B1
hate,/heɪt/,憎恨；讨厌,n.,B1
head,/hɛd/,头；领导,v.,B1
headline,/ˈhɛdlaɪn/,标题；头条,n.,B1
heating,/ˈhiːtɪŋ/,供暖；加热,n.,B1
heavily,/ˈhɛvəli/,大量地；沉重地,adv.,B1
helicopter,/ˈhɛlɪˌkɑptər/,直升机,n.,B1
highlight,/ˈhaɪˌlaɪt/,突出；亮点,"v., n.",B1
highly,/ˈhaɪli/,高度地；非常,adv.,B1
highway,/ˈhaɪweɪ/,高速公路,n.,B1
hire,/haɪr/,雇用；租用,v.,B1
historic,/hɪˈstɔrɪk/,历史上重要的,adj.,B1
historical,/hɪˈstɔrɪkəl/,历史的,adj.,B1
district,/ˈdɪstrɪkt/,地区；行政区,n.,B1
divide,/dɪˈvaɪd/,分开；除,v.,B1
documentary,/ˌdɑkjəˈmɛntəri/,纪录片,n.,B1
donate,/ˈdoʊneɪt/,捐赠,v.,B1
double,/ˈdʌbəl/,双倍的；加倍,adv.,B1
doubt,/daʊt/,怀疑；疑问,"n., v.",B1
dressed,/drɛst/,穿着衣服的,adj.,B1
drop,/drɑp/,掉落；下降,n.,B1
drum,/drʌm/,鼓,n.,B1
drunk,/drʌŋk/,醉的；醉汉,adj.,B1
due,/duː/,到期的；应得的,adj.,B1
dust,/dʌst/,灰尘,n.,B1
duty,/ˈduːti/,责任；职责,n.,B1
earthquake,/ˈɝːθkweɪk/,地震,n.,B1
eastern,/ˈiːstərn/,东方的,adj.,B1
economic,/ˌiːkəˈnɑmɪk/,经济的,adj.,B1
economy,/ɪˈkɑnəmi/,经济,n.,B1
edge,/ɛdʒ/,边缘,n.,B1
editor,/ˈɛdɪtər/,编辑,n.,B1
educate,/ˈɛdʒəkeɪt/,教育,v.,B1
educated,/ˈɛdʒəkeɪtɪd/,受过教育的,adj.,B1
educational,/ˌɛdʒəˈkeɪʃənəl/,教育的,adj.,B1
effective,/ɪˈfɛktɪv/,有效的,adj.,B1
effectively,/ɪˈfɛktɪvli/,有效地；实际上,adv.,B1
effort,/ˈɛfərt/,努力,n.,B1
election,/ɪˈlɛkʃən/,选举,n.,B1
element,/ˈɛləmənt/,元素；要素,n.,B1
embarrassed,/ɪmˈbærəst/,尴尬的,adj.,B1
embarrassing,/ɪmˈbærəsɪŋ/,令人尴尬的,adj.,B1
emergency,/ɪˈmɝːdʒənsi/,紧急情况,n.,B1
emotion,/ɪˈmoʊʃən/,情感；情绪,n.,B1
employment,/ɪmˈplɔɪmənt/,就业；工作,n.,B1
empty,/ˈɛmpti/,空的,v.,B1
encourage,/ɪnˈkɝːɪdʒ/,鼓励,v.,B1
enemy,/ˈɛnəmi/,敌人,n.,B1
engaged,/ɪnˈɡeɪdʒd/,订婚的；从事于,adj.,B1
engineering,/ˌɛndʒəˈnɪrɪŋ/,工程；工程学,n.,B1
entertain,/ˌɛntərˈteɪn/,娱乐；招待,v.,B1
entertainment,/ˌɛntərˈteɪnmənt/,娱乐,n.,B1
entrance,/ˈɛntrəns/,入口；进入,n.,B1
entry,/ˈɛntri/,进入；条目,n.,B1
environmental,/ɪnˌvaɪrənˈmɛntəl/,环境的,adj.,B1
episode,/ˈɛpəsoʊd/,一集；事件,n.,B1
equal,/ˈiːkwəl/,相等的；平等的,"adj., v.",B1
equally,/ˈiːkwəli/,同样地；平等地,adv.,B1
escape,/ɪˈskeɪp/,逃跑；逃脱,"v., n.",B1
essential,/ɪˈsɛnʃəl/,必要的；基本的,adj.,B1
eventually,/ɪˈvɛntʃuəli/,最终,adv.,B1
examine,/ɪɡˈzæmɪn/,检查；考试,v.,B1
except,/ɪkˈsɛpt/,除了,conj.,B1
exchange,/ɪksˈtʃeɪndʒ/,交换；交流,"n., v.",B1
excitement,/ɪkˈsaɪtmənt/,兴奋；激动,n.,B1
exhibition,/ˌɛksəˈbɪʃən/,展览,n.,B1
exit,/ˈɛɡzɪt/,出口；离开,n.,B1
expand,/ɪkˈspænd/,扩大；扩展,v.,B1
expected,/ɪkˈspɛktɪd/,预期的,adj.,B1
experience,/ɪkˈspɪriəns/,经验；经历,v.,B1
experienced,/ɪkˈspɪriənst/,有经验的,adj.,B1
experiment,/ɪkˈspɛrəmənt/,实验,v.,B1
explode,/ɪkˈsploʊd/,爆炸,v.,B1
explore,/ɪkˈsplɔr/,探索,v.,B1
explosion,/ɪkˈsploʊʒən/,爆炸,n.,B1
export,/ˈɛkspɔrt/,出口；出口商品,"n., v.",B1
extra,/ˈɛkstrə/,额外的,"n., adv.",B1
face,/feɪs/,脸；面对,v.,B1
fairly,/ˈfɛrli/,相当；公平地,adv.,B1
familiar,/fəˈmɪljər/,熟悉的,adj.,B1
fancy,/ˈfænsi/,精致的；想象,adj.,B1
far,/fɑr/,远的；很,adj.,B1
fascinating,/ˈfæsəneɪtɪŋ/,迷人的；极有吸引力的,adj.,B1
comparison,/kəmˈpærɪsən/,比较,n.,B1
competitive,/kəmˈpɛtətɪv/,有竞争力的,adj.,B1
competitor,/kəmˈpɛtətər/,竞争者,n.,B1
complaint,/kəmˈpleɪnt/,抱怨；投诉,n.,B1
complex,/ˈkɑmplɛks/,复杂的；综合体,adj.,B1
concentrate,/ˈkɑnsənˌtreɪt/,集中；专心,v.,B1
conclude,/kənˈkluːd/,得出结论；结束,v.,B1
conclusion,/kənˈkluːʒən/,结论,n.,B1
confident,/ˈkɑnfədənt/,自信的,adj.,B1
confirm,/kənˈfɝːm/,确认,v.,B1
confuse,/kənˈfjuːz/,使困惑,v.,B1
confused,/kənˈfjuːzd/,困惑的,adj.,B1
connection,/kəˈnɛkʃən/,联系；连接,n.,B1
consequence,/ˈkɑnsəˌkwɛns/,后果,n.,B1
consist,/kənˈsɪst/,由……组成,v.,B1
consume,/kənˈsuːm/,消耗；消费,v.,B1
consumer,/kənˈsuːmər/,消费者,n.,B1
contact,/ˈkɑntækt/,联系；接触,"n., v.",B1
container,/kənˈteɪnər/,容器,n.,B1
content1,/ˈkɑntɛnt/,内容,n.,B1
continuous,/kənˈtɪnjuəs/,连续的,adj.,B1
contrast,/ˈkɑntræst/,对比；反差,"n., v.",B1
convenient,/kənˈviːniənt/,方便的,adj.,B1
convince,/kənˈvɪns/,说服；使相信,v.,B1
cool,/kuːl/,凉的；酷的,v.,B1
corn,/kɔrn/,玉米,n.,B1
costume,/ˈkɑstuːm/,服装；戏服,n.,B1
cotton,/ˈkɑtən/,棉花；棉制品,n.,B1
count,/kaʊnt/,数；计算,n.,B1
countryside,/ˈkʌntrisaɪd/,乡村,n.,B1
court,/kɔrt/,法院；球场,n.,B1
cover,/ˈkʌvər/,覆盖；封面,n.,B1
covered,/ˈkʌvərd/,被覆盖的,adj.,B1
cream,/kriːm/,奶油；乳霜,adj.,B1
criminal,/ˈkrɪmənəl/,罪犯；犯罪的,adj.,B1
cruel,/ˈkruːəl/,残忍的,adj.,B1
cultural,/ˈkʌltʃərəl/,文化的,adj.,B1
cupboard,/ˈkʌbərd/,橱柜,n.,B1
currency,/ˈkɝːənsi/,货币,n.,B1
current,/ˈkɝːənt/,当前的；水流,adj.,B1
currently,/ˈkɝːəntli/,目前；当前,adv.,B1
curtain,/ˈkɝːtən/,窗帘,n.,B1
custom,/ˈkʌstəm/,习俗；定制,n.,B1
cut,/kʌt/,切；削减,n.,B1
daily,/ˈdeɪli/,每日的；日常的,adv.,B1
damage,/ˈdæmɪdʒ/,损害；损坏,"n., v.",B1
deal,/diːl/,处理；交易,n.,B1
decade,/ˈdɛkeɪd/,十年,n.,B1
deep,/diːp/,深的,adv.,B1
define,/dɪˈfaɪn/,定义,v.,B1
definite,/ˈdɛfənət/,明确的；确定的,adj.,B1
definition,/ˌdɛfəˈnɪʃən/,定义,n.,B1
deliver,/dɪˈlɪvər/,递送；交付,v.,B1
departure,/dɪˈpɑrtʃər/,离开；出发,n.,B1
despite,/dɪˈspaɪt/,尽管,prep.,B1
destination,/ˌdɛstəˈneɪʃən/,目的地,n.,B1
determine,/dɪˈtɝːmɪn/,决定；确定,v.,B1
determined,/dɪˈtɝːmɪnd/,坚定的；确定的,adj.,B1
development,/dɪˈvɛləpmənt/,发展,n.,B1
diagram,/ˈdaɪəˌɡræm/,图表；示意图,n.,B1
diamond,/ˈdaɪəmənd/,钻石,n.,B1
difficulty,/ˈdɪfɪˌkʌlti/,困难,n.,B1
direct,/dəˈrɛkt/,直接的；指导,"v., adv.",B1
directly,/dəˈrɛktli/,直接地,adv.,B1
dirt,/dɝːt/,灰尘；污垢,n.,B1
disadvantage,/ˌdɪsədˈvæntɪdʒ/,缺点；不利条件,n.,B1
disappointed,/ˌdɪsəˈpɔɪntɪd/,失望的,adj.,B1
disappointing,/ˌdɪsəˈpɔɪntɪŋ/,令人失望的,adj.,B1
discount,/ˈdɪskaʊnt/,折扣,n.,B1
dislike,/dɪsˈlaɪk/,不喜欢；厌恶,"v., n.",B1
battery,/ˈbætəri/,电池,n.,B1
battle,/ˈbætəl/,战斗；斗争,n.,B1
beauty,/ˈbjuːti/,美丽；美人,n.,B1
bee,/biː/,蜜蜂,n.,B1
belief,/bɪˈliːf/,信念；相信,n.,B1
bell,/bɛl/,铃；钟,n.,B1
bend,/bɛnd/,弯曲,"v., n.",B1
benefit,/ˈbɛnəfɪt/,益处；受益,v.,B1
better,/ˈbɛtər/,更好的；改善,n.,B1
bite,/baɪt/,咬；一口,"v., n.",B1
block,/blɑk/,块；阻挡,v.,B1
board,/bɔrd/,木板；董事会；登上,v.,B1
bomb,/bɑm/,炸弹,"n., v.",B1
border,/ˈbɔrdər/,边界；边境,n.,B1
bother,/ˈbɑðər/,打扰；烦恼,v.,B1
branch,/bræntʃ/,树枝；分支,n.,B1
brand,/brænd/,品牌,"n., v.",B1
brave,/breɪv/,勇敢的,adj.,B1
breath,/brɛθ/,呼吸,n.,B1
breathe,/briːð/,呼吸,v.,B1
breathing,/ˈbriːðɪŋ/,呼吸,n.,B1
bride,/braɪd/,新娘,n.,B1
bubble,/ˈbʌbəl/,泡泡；气泡,n.,B1
bury,/ˈbɛri/,埋葬,v.,B1
by,/baɪ/,通过；在……旁边,adv.,B1
cable,/ˈkeɪbəl/,电缆,n.,B1
calm,/kɑm/,平静的；使平静,"adj., v., n.",B1
campaign,/kæmˈpeɪn/,运动；活动,"n., v.",B1
candidate,/ˈkændədeɪt/,候选人,n.,B1
cap,/kæp/,帽子；盖子,n.,B1
captain,/ˈkæptən/,队长；船长,n.,B1
careless,/ˈkɛrləs/,粗心的,adj.,B1
category,/ˈkætəɡɔri/,类别,n.,B1
ceiling,/ˈsiːlɪŋ/,天花板,n.,B1
celebration,/ˌsɛləˈbreɪʃən/,庆祝；庆典,n.,B1
center,/ˈsɛntər/,中心；中央,v.,B1
central,/ˈsɛntrəl/,中心的；中央的,adj.,B1
ceremony,/ˈsɛrəˌmoʊni/,仪式；典礼,n.,B1
chain,/tʃeɪn/,链条；一连串,n.,B1
challenge,/ˈtʃælɪndʒ/,挑战,n.,B1
champion,/ˈtʃæmpiən/,冠军；拥护者,n.,B1
channel,/ˈtʃænəl/,频道；渠道,n.,B1
chapter,/ˈtʃæptər/,章节,n.,B1
charge,/tʃɑrdʒ/,收费；负责；指控,"n., v.",B1
cheap,/tʃiːp/,便宜的,adv.,B1
cheat,/tʃiːt/,欺骗；作弊,"v., n.",B1
cheerful,/ˈtʃɪrfəl/,愉快的,adj.,B1
chemical,/ˈkɛmɪkəl/,化学的；化学品,"adj., n.",B1
chest,/tʃɛst/,胸部；箱子,n.,B1
childhood,/ˈtʃaɪldhʊd/,童年,n.,B1
claim,/kleɪm/,声称；要求,"v., n.",B1
clause,/klɔz/,条款；从句,n.,B1
clear,/klɪr/,清楚的；清除,v.,B1
clever,/ˈklɛvər/,聪明的,adj.,B1
click,/klɪk/,点击,"v., n.",B1
client,/ˈklaɪənt/,客户,n.,B1
climb,/klaɪm/,爬；攀登,n.,B1
close2,/kloʊs/,关闭；结束,adv.,B1
cloth,/klɔθ/,布；布料,n.,B1
clue,/kluː/,线索,n.,B1
coach,/koʊtʃ/,教练；长途汽车,v.,B1
coal,/koʊl/,煤,n.,B1
coin,/kɔɪn/,硬币,n.,B1
collection,/kəˈlɛkʃən/,收藏；收集,n.,B1
colored,/ˈkʌlərd/,有颜色的,adj.,B1
combine,/kəmˈbaɪn/,结合；合并,v.,B1
comment,/ˈkɑmɛnt/,评论；意见,v.,B1
commercial,/kəˈmɝːʃəl/,商业的；广告,"adj., n.",B1
commit,/kəˈmɪt/,犯（错误、罪等）；承诺,v.,B1
communication,/kəˌmjuːnəˈkeɪʃən/,交流；沟通,n.,B1
absolutely,/ˌæbsəˈluːtli/,绝对地；完全地,adv.,B1
academic,/ˌækəˈdɛmɪk/,学术的；学业的,adj.,B1
access,/ˈæksɛs/,进入；使用权,"n., v.",B1
account,/əˈkaʊnt/,账户；解释,n.,B1
achievement,/əˈtʃiːvmənt/,成就,n.,B1
act,/ækt/,行动；表演,n.,B1
ad,/æd/,广告,n.,B1
addition,/əˈdɪʃən/,增加；加法,n.,B1
administration,/ədˌmɪnəˈstreɪʃən/,管理；行政,n.,B1
admire,/ədˈmaɪr/,钦佩；欣赏,v.,B1
admit,/ədˈmɪt/,承认；准许进入,v.,B1
advanced,/ədˈvænst/,先进的；高级的,adj.,B1
advise,/ədˈvaɪz/,建议,v.,B1
afford,/əˈfɔrd/,负担得起,v.,B1
age,/eɪdʒ/,年龄；变老,v.,B1
agent,/ˈeɪdʒənt/,代理人；经纪人,n.,B1
agreement,/əˈɡriːmənt/,协议；同意,n.,B1
ahead,/əˈhɛd/,向前；提前,adv.,B1
aim,/eɪm/,目标；旨在,"v., n.",B1
alarm,/əˈlɑrm/,警报；使惊恐,n.,B1
album,/ˈælbəm/,相册；专辑,n.,B1
alcohol,/ˈælkəhɔl/,酒精,n.,B1
alcoholic,/ˌælkəˈhɔlɪk/,含酒精的；酗酒者,adj.,B1
alternative,/ɔlˈtɝːnətɪv/,替代选择；替代的,adj.,B1
amazed,/əˈmeɪzd/,惊讶的,adj.,B1
ambition,/æmˈbɪʃən/,雄心；抱负,n.,B1
analysis,/əˈnæləsɪs/,分析,n.,B1
announce,/əˈnaʊns/,宣布,v.,B1
announcement,/əˈnaʊnsmənt/,公告；宣布,n.,B1
annoy,/əˈnɔɪ/,使恼怒；使烦恼,v.,B1
annoyed,/əˈnɔɪd/,恼怒的；烦恼的,adj.,B1
annoying,/əˈnɔɪɪŋ/,令人恼怒的,adj.,B1
apart,/əˈpɑrt/,分开；相隔,adv.,B1
apologize,/əˈpɑlədʒaɪz/,道歉,v.,B1
application,/ˌæpləˈkeɪʃən/,申请；应用,n.,B1
appointment,/əˈpɔɪntmənt/,约会；预约,n.,B1
appreciate,/əˈpriːʃiˌeɪt/,欣赏；感激,v.,B1
approximately,/əˈprɑksəmətli/,大约,adv.,B1
arrest,/əˈrɛst/,逮捕；拘留,"v., n.",B1
arrival,/əˈraɪvəl/,到达,n.,B1
assignment,/əˈsaɪnmənt/,任务；作业,n.,B1
assist,/əˈsɪst/,帮助；协助,v.,B1
atmosphere,/ˈætməsfɪr/,气氛；大气,n.,B1
attach,/əˈtætʃ/,附上；连接,v.,B1
attitude,/ˈætəˌtuːd/,态度,n.,B1
attract,/əˈtrækt/,吸引,v.,B1
attraction,/əˈtrækʃən/,吸引力；景点,n.,B1
authority,/əˈθɔrəti/,权威；当局,n.,B1
automatic,/ˌɔtəˈmætɪk/,自动的,adj.,B1
automatically,/ˌɔtəˈmætɪkli/,自动地,adv.,B1
average,/ˈævərɪdʒ/,平均的；平均数,v.,B1
award,/əˈwɔrd/,奖；授予,v.,B1
aware,/əˈwɛr/,意识到的,adj.,B1
backward,/ˈbækwərd/,向后的；落后的,adv.,B1
bake,/beɪk/,烘烤,v.,B1
balance,/ˈbæləns/,平衡；余额,"n., v.",B1
ban,/bæn/,禁止；禁令,"v., n.",B1
bank,/bæŋk/,银行；岸,(river) n.,B1
base,/beɪs/,基础；基地,"n., v.",B1
basic,/ˈbeɪsɪk/,基本的,adj.,B1
basis,/ˈbeɪsɪs/,基础；依据,n.,B1
abandon,/əˈbændən/,放弃；抛弃,v.,B2
abroad,/əˈbrɔːd/,在国外；到国外,adv.,B2
absolute,/ˈæbsəluːt/,绝对的；完全的,adj.,B2
acceptable,/əkˈseptəbəl/,可接受的；合意的,adj.,B2
accompany,/əˈkʌmpəni/,陪伴；伴随,v.,B2
accurate,/ˈækjərət/,准确的；精确的,adj.,B2
accuse,/əˈkjuːz/,指责；控告,v.,B2
acknowledge,/əkˈnɑːlɪdʒ/,承认；认可,v.,B2
acquire,/əˈkwaɪər/,获得；取得,v.,B2
actual,/ˈæktʃuəl/,实际的；真实的,adj.,B2
adapt,/əˈdæpt/,适应；改编,v.,B2
additional,/əˈdɪʃənəl/,额外的；附加的,adj.,B2
address,/əˈdres/,地址；处理；演讲,v.,B2
adopt,/əˈdɑːpt/,采用；收养,v.,B2
advance,/ədˈvæns/,前进；进步；提前,"n., v., adj.",B2
affair,/əˈfer/,事情；事务；恋爱关系,n.,B2
afterward,/ˈæftərwərd/,后来；以后,adv.,B2
agency,/ˈeɪdʒənsi/,机构；代理处,n.,B2
agenda,/əˈdʒendə/,议程；日程,n.,B2
aggressive,/əˈɡresɪv/,有攻击性的；好斗的；积极进取的,adj.,B2
aid,/eɪd/,帮助；援助,"n., v.",B2
aircraft,/ˈerkræft/,飞机；航空器,n.,B2
alter,/ˈɔːltər/,改变；修改,v.,B2
amount,/əˈmaʊnt/,数量；总额,v.,B2
anger,/ˈæŋɡər/,愤怒；使生气,n.,B2
angle,/ˈæŋɡəl/,角度；观点,n.,B2
anniversary,/ˌænəˈvɜːrsəri/,周年纪念日,n.,B2
annual,/ˈænjuəl/,每年的；年度的,adj.,B2
anxious,/ˈæŋkʃəs/,焦虑的；担心的；渴望的,adj.,B2
apparent,/əˈpærənt/,明显的；表面上的,adj.,B2
apparently,/əˈpærəntli/,显然；看来,adv.,B2
appeal,/əˈpiːl/,呼吁；吸引力；上诉,"n., v.",B2
approach,/əˈproʊtʃ/,接近；方法；途径,"n., v.",B2
appropriate,/əˈproʊpriət/,合适的；恰当的,adj.,B2
approval,/əˈpruːvəl/,批准；赞成,n.,B2
approve,/əˈpruːv/,批准；赞成,v.,B2
arise,/əˈraɪz/,出现；产生；发生,v.,B2
armed,/ɑːrmd/,武装的,adj.,B2
arms,/ɑːrmz/,武器；手臂,n.,B2
artificial,/ˌɑːrtəˈfɪʃəl/,人造的；人工的,adj.,B2
artistic,/ɑːrˈtɪstɪk/,艺术的；有艺术性的,adj.,B2
ashamed,/əˈʃeɪmd/,羞愧的；惭愧的,adj.,B2
aside,/əˈsaɪd/,在一边；除外,adv.,B2
aspect,/ˈæspekt/,方面；角度,n.,B2
assess,/əˈses/,评估；评价,v.,B2
assessment,/əˈsesmənt/,评估；评价,n.,B2
associate,/əˈsoʊʃiət/,联系；联想；同事,v.,B2
associated,/əˈsoʊʃieɪtɪd/,有关的；相关的,adj.,B2
association,/əˌsoʊsiˈeɪʃən/,协会；联系；关联,n.,B2
assume,/əˈsuːm/,假设；认为；承担,v.,B2
attempt,/əˈtempt/,尝试；企图,"n., v.",B2
attorney,/əˈtɜːrni/,律师,n.,B2
back,/bæk/,后面；背部；支持；回去,v.,B2
bacteria,/bækˈtɪriə/,细菌,n.,B2
bar,/bɑːr/,酒吧；条；阻止,v.,B2
barrier,/ˈbæriər/,障碍；屏障,n.,B2
basically,/ˈbeɪsɪkli/,基本上；大体上,adv.,B2
bear,/ber/,熊；忍受；承担,(deal with) v.,B2
beat,/biːt/,击败；敲打；节拍,n.,B2
beg,/beɡ/,乞求；恳求,v.,B2
being,/ˈbiːɪŋ/,存在；生物；人,n.,B2
bent,/bent/,弯曲的；弯腰的,adj.,B2
bet,/bet/,打赌；赌注,"v., n.",B2
beyond,/biˈjɑːnd/,超过；在……之外,"prep., adv.",B2
bill,/bɪl/,账单；钞票；议案,v.,B2
bitter,/ˈbɪtər/,苦的；痛苦的；激烈的,adj.,B2
blame,/bleɪm/,责备；归咎于,"v., n.",B2
blind,/blaɪnd/,失明的；盲目的,adj.,B2
bond,/bɑːnd/,纽带；债券；结合,n.,B2
breast,/brest/,胸部；乳房,n.,B2
brief,/briːf/,简短的；概要,adj.,B2
broad,/brɔːd/,宽的；广泛的,adj.,B2
broadcast,/ˈbrɔːdkæst/,广播；播送,"v., n.",B2
budget,/ˈbʌdʒɪt/,预算,n.,B2
bullet,/ˈbʊlət/,子弹,n.,B2
bunch,/bʌntʃ/,一束；一群；一堆,n.,B2
burn,/bɜːrn/,燃烧；烧伤,n.,B2
bush,/bʊʃ/,灌木；灌木丛,n.,B2
but,/bʌt/,但是；不过,prep.,B2
calculate,/ˈkælkjəleɪt/,计算,v.,B2
cancel,/ˈkænsəl/,取消,v.,B2
cancer,/ˈkænsər/,癌症,n.,B2
capable,/ˈkeɪpəbəl/,有能力的,adj.,B2
capacity,/kəˈpæsəti/,能力；容量；容纳量,n.,B2
capture,/ˈkæptʃər/,捕获；拍摄；夺取,"v., n.",B2
cast,/kæst/,投掷；演员阵容；铸造,"n., v.",B2
catch,/kætʃ/,抓住；赶上；捕捉,n.,B2
chair,/tʃer/,椅子；主持,v.,B2
chairman,/ˈtʃermən/,主席；负责人,n.,B2
characteristic,/ˌkerəktəˈrɪstɪk/,特征；特点；典型的,"n., adj.",B2
chart,/tʃɑːrt/,图表；图,v.,B2
chief,/tʃiːf/,主要的；首领,"adj., n.",B2
circumstance,/ˈsɜːrkəmstæns/,情况；环境；条件,n.,B2
cite,/saɪt/,引用；举例,v.,B2
citizen,/ˈsɪtəzən/,公民；市民,n.,B2
civil,/ˈsɪvəl/,公民的；民事的；文明的,adj.,B2
classic,/ˈklæsɪk/,经典的；经典作品,"adj., n.",B2
close1,/kloʊz/,关闭；接近,n.,B2
closely,/ˈkloʊsli/,紧密地；仔细地,adv.,B2
collapse,/kəˈlæps/,倒塌；崩溃,"v., n.",B2
combination,/ˌkɑːmbəˈneɪʃən/,组合；结合,n.,B2
comfort,/ˈkʌmfərt/,舒适；安慰,"n., v.",B2
command,/kəˈmænd/,命令；指挥,"n., v.",B2
commission,/kəˈmɪʃən/,委员会；佣金；委托,"n., v.",B2
commitment,/kəˈmɪtmənt/,承诺；投入；责任,n.,B2
committee,/kəˈmɪti/,委员会,n.,B2
commonly,/ˈkɑːmənli/,通常；普遍地,adv.,B2
complicated,/ˈkɑːmpləkeɪtɪd/,复杂的；难懂的,adj.,B2
component,/kəmˈpoʊnənt/,组成部分；部件,n.,B2
concentration,/ˌkɑːnsənˈtreɪʃən/,集中；专注；浓度,n.,B2
concept,/ˈkɑːnsept/,概念；观念,n.,B2
concern,/kənˈsɜːrn/,担心；关心；涉及,"n., v.",B2
concerned,/kənˈsɜːrnd/,担心的；有关的,adj.,B2
conduct,/kənˈdʌkt/,进行；行为,"v., n.",B2
confidence,/ˈkɑːnfədəns/,信心；自信,n.,B2
conflict,/ˈkɑːnflɪkt/,冲突；矛盾,"n., v.",B2
confusing,/kənˈfjuːzɪŋ/,令人困惑的,adj.,B2
congress,/ˈkɑːŋɡrəs/,国会；大会,n.,B2
conscious,/ˈkɑːnʃəs/,有意识的；清醒的,adj.,B2
conservative,/kənˈsɜːrvətɪv/,保守的,"adj., n.",B2
consideration,/kənˌsɪdəˈreɪʃən/,考虑；体谅,n.,B2
consistent,/kənˈsɪstənt/,一致的；始终如一的,adj.,B2
constant,/ˈkɑːnstənt/,持续的；恒定的,adj.,B2
constantly,/ˈkɑːnstəntli/,不断地；经常地,adv.,B2
construct,/kənˈstrʌkt/,建造；构建,v.,B2
construction,/kənˈstrʌkʃən/,建造；建设,n.,B2
contemporary,/kənˈtempəreri/,当代的；同时代的,adj.,B2
contest,/ˈkɑːntest/,比赛；竞争；争夺,"n., v.",B2
contract,/ˈkɑːntrækt/,合同；合约；收缩,"n., v.",B2
contribute,/kənˈtrɪbjuːt/,贡献；促成,v.,B2
contribution,/ˌkɑːntrəˈbjuːʃən/,贡献；捐款,n.,B2
convert,/kənˈvɜːrt/,转换；改变,v.,B2
convinced,/kənˈvɪnst/,确信的；信服的,adj.,B2
core,/kɔːr/,核心；核心部分,"n., adj.",B2
corporate,/ˈkɔːrpərət/,公司的；企业的,adj.,B2
council,/ˈkaʊnsəl/,委员会；理事会,n.,B2
county,/ˈkaʊnti/,县,n.,B2
courage,/ˈkɜːrɪdʒ/,勇气,n.,B2
crash,/kræʃ/,碰撞；崩溃；坠毁,"n., v.",B2
creation,/kriˈeɪʃən/,创造；作品,n.,B2
creature,/ˈkriːtʃər/,生物；动物,n.,B2
credit,/ˈkredɪt/,信用；学分；赞扬,v.,B2
crew,/kruː/,全体工作人员；机组人员,n.,B2
crisis,/ˈkraɪsɪs/,危机,n.,B2
criterion,/kraɪˈtɪriən/,标准；准则,n.,B2
critic,/ˈkrɪtɪk/,评论家；批评者,n.,B2
critical,/ˈkrɪtɪkəl/,关键的；批判性的；严重的,adj.,B2
criticism,/ˈkrɪtəsɪzəm/,批评；评论,n.,B2
criticize,/ˈkrɪtəsaɪz/,批评；指责,v.,B2
crop,/krɑːp/,庄稼；作物；收成,n.,B2
crucial,/ˈkruːʃəl/,至关重要的,adj.,B2
cry,/kraɪ/,哭；喊叫,n.,B2
cure,/kjʊr/,治愈；治疗方法,"v., n.",B2
curve,/kɜːrv/,曲线；弯曲,"n., v.",B2
curved,/kɜːrvd/,弯曲的,adj.,B2
date,/deɪt/,日期；约会,v.,B2
debate,/dɪˈbeɪt/,辩论；争论,"n., v.",B2
debt,/det/,债务,n.,B2
decent,/ˈdiːsənt/,体面的；不错的,adj.,B2
declare,/dɪˈkler/,宣布；声明,v.,B2
decline,/dɪˈklaɪn/,下降；拒绝,"v., n.",B2
decorate,/ˈdekəreɪt/,装饰,v.,B2
decoration,/ˌdekəˈreɪʃən/,装饰；装饰品,n.,B2
decrease,/dɪˈkriːs/,减少；下降,"v., n.",B2
deeply,/ˈdiːpli/,深深地；非常,adv.,B2
defeat,/dɪˈfiːt/,击败；失败,"v., n.",B2
defend,/dɪˈfend/,防御；保卫；辩护,v.,B2
defense,/dɪˈfens/,防御；辩护,n.,B2
delay,/dɪˈleɪ/,延迟；耽搁,"v., n.",B2
deliberate,/dɪˈlɪbərət/,故意的；深思熟虑的,adj.,B2
deliberately,/dɪˈlɪbərətli/,故意地；谨慎地,adv.,B2
delivery,/dɪˈlɪvəri/,递送；交付,n.,B2
demand,/dɪˈmænd/,要求；需求,"n., v.",B2
demonstrate,/ˈdemənstreɪt/,证明；展示,v.,B2
deny,/dɪˈnaɪ/,否认；拒绝,v.,B2
depressed,/dɪˈprest/,沮丧的；抑郁的,adj.,B2
depressing,/dɪˈpresɪŋ/,令人沮丧的,adj.,B2
depth,/depθ/,深度；深处,n.,B2
desert,/ˈdezərt/,沙漠；抛弃,v.,B2
deserve,/dɪˈzɜːrv/,应得；值得,v.,B2
desire,/dɪˈzaɪər/,愿望；渴望,"n., v.",B2
desperate,/ˈdespərət/,绝望的；极度渴望的,adj.,B2
detail,/ˈdiːteɪl/,细节；详述,v.,B2
detailed,/ˈdiːteɪld/,详细的,adj.,B2
detect,/dɪˈtekt/,发现；侦查,v.,B2
dig,/dɪɡ/,挖；挖掘,v.,B2
discipline,/ˈdɪsəplɪn/,纪律；学科；训练,n.,B2
dishonest,/dɪsˈɑːnɪst/,不诚实的,adj.,B2
disk,/dɪsk/,磁盘；圆盘,n.,B2
dismiss,/dɪsˈmɪs/,解雇；驳回；不予考虑,v.,B2
display,/dɪˈspleɪ/,展示；显示,"v., n.",B2
distribute,/dɪˈstrɪbjuːt/,分发；分配,v.,B2
distribution,/ˌdɪstrəˈbjuːʃən/,分配；分布,n.,B2
division,/dɪˈvɪʒən/,分割；部门；除法,n.,B2
document,/ˈdɑːkjəmənt/,文件；记录,v.,B2
domestic,/dəˈmestɪk/,国内的；家庭的,adj.,B2
dominate,/ˈdɑːməneɪt/,支配；占主导地位,v.,B2
downward,/ˈdaʊnwərd/,向下的；向下地,"adj., adv.",B2
dozen,/ˈdʌzən/,一打；十二个,"n., det.",B2
draft,/dræft/,草稿；起草,"n., v.",B2
drag,/dræɡ/,拖；拉,v.,B2
dramatic,/drəˈmætɪk/,戏剧性的；巨大的,adj.,B2
edit,/ˈedɪt/,编辑；修改,v.,B2
edition,/ɪˈdɪʃən/,版本；版次,n.,B2
efficient,/ɪˈfɪʃənt/,高效的；有效率的,adj.,B2
elderly,/ˈeldərli/,年长的；老年人,adj.,B2
elect,/ɪˈlekt/,选举；选择,v.,B2
elsewhere,/ˈelswer/,在别处,adv.,B2
emerge,/ɪˈmɜːrdʒ/,出现；浮现,v.,B2
emotional,/ɪˈmoʊʃənəl/,情绪的；感情上的,adj.,B2
emphasis,/ˈemfəsɪs/,强调；重点,n.,B2
emphasize,/ˈemfəsaɪz/,强调,v.,B2
enable,/ɪˈneɪbəl/,使能够,v.,B2
encounter,/ɪnˈkaʊntər/,遇到；遭遇,"v., n.",B2
engage,/ɪnˈɡeɪdʒ/,参加；从事；吸引,v.,B2
enhance,/ɪnˈhæns/,提高；增强,v.,B2
ensure,/ɪnˈʃʊr/,确保；保证,v.,B2
enthusiasm,/ɪnˈθuːziæzəm/,热情；热忱,n.,B2
enthusiastic,/ɪnˌθuːziˈæstɪk/,热情的；热心的,adj.,B2
entire,/ɪnˈtaɪər/,整个的；全部的,adj.,B2
entirely,/ɪnˈtaɪərli/,完全地,adv.,B2
establish,/ɪˈstæblɪʃ/,建立；确立,v.,B2
estate,/ɪˈsteɪt/,房地产；财产,n.,B2
estimate,/ˈestəmeɪt/,估计；估价,"v., n.",B2
ethical,/ˈeθɪkəl/,道德的；合乎道德的,adj.,B2
evaluate,/ɪˈvæljueɪt/,评估；评价,v.,B2
even,/ˈiːvən/,甚至；平坦的；偶数的,adj.,B2
evil,/ˈiːvəl/,邪恶的；邪恶,"adj., n.",B2
examination,/ɪɡˌzæməˈneɪʃən/,考试；检查,n.,B2
excuse,/ɪkˈskjuːz/,借口；原谅,"n., v.",B2
executive,/ɪɡˈzekjətɪv/,高管；执行的,"n., adj.",B2
exhibit,/ɪɡˈzɪbɪt/,展示；展览,"v., n.",B2
existence,/ɪɡˈzɪstəns/,存在,n.,B2
expectation,/ˌekspekˈteɪʃən/,期待；预期,n.,B2
expense,/ɪkˈspens/,费用；开支,n.,B2
exploration,/ˌekspləˈreɪʃən/,探索；探险,n.,B2
expose,/ɪkˈspoʊz/,暴露；揭露,v.,B2
extend,/ɪkˈstend/,延伸；扩大；延长,v.,B2
extent,/ɪkˈstent/,程度；范围,n.,B2
external,/ɪkˈstɜːrnəl/,外部的,adj.,B2
extraordinary,/ɪkˈstrɔːrdəneri/,非凡的；特别的,adj.,B2
extreme,/ɪkˈstriːm/,极端的；极度的,n.,B2
facility,/fəˈsɪləti/,设施；场所；能力,n.,B2
failure,/ˈfeɪljər/,失败；故障,n.,B2
faith,/feɪθ/,信仰；信心,n.,B2
fault,/fɔːlt/,过错；故障,n.,B2
feather,/ˈfeðər/,羽毛,n.,B2
fee,/fiː/,费用；服务费,n.,B2
feed,/fiːd/,喂养；供给,n.,B2
feedback,/ˈfiːdbæk/,反馈,n.,B2
feel,/fiːl/,感觉；觉得,n.,B2
fellow,/ˈfeloʊ/,家伙；同事；同伴,adj.,B2
figure,/ˈfɪɡjər/,数字；人物；身材,v.,B2
finance,/ˈfaɪnæns/,金融；资金,"n., v.",B2
finding,/ˈfaɪndɪŋ/,发现；调查结果,n.,B2
firm,/fɜːrm/,公司；坚定的,n.,B2
fix,/fɪks/,修理；解决；固定,n.,B2
flame,/fleɪm/,火焰,n.,B2
flash,/flæʃ/,闪光；闪现,"n., v.",B2
flexible,/ˈfleksəbəl/,灵活的；柔韧的,adj.,B2
float,/floʊt/,漂浮,v.,B2
folding,/ˈfoʊldɪŋ/,折叠的,adj.,B2
forgive,/fərˈɡɪv/,原谅,v.,B2
former,/ˈfɔːrmər/,以前的；前者,adj.,B2
fortune,/ˈfɔːrtʃən/,财富；运气,n.,B2
forward,/ˈfɔːrwərd/,向前；转发；前进的,adj.,B2
found,/faʊnd/,建立；创办,v.,B2
free,/friː/,免费的；自由的；释放,v.,B2
freedom,/ˈfriːdəm/,自由,n.,B2
frequency,/ˈfriːkwənsi/,频率；频繁,n.,B2
fully,/ˈfʊli/,完全地；充分地,adv.,B2
fund,/fʌnd/,资金；资助,"n., v.",B2
fundamental,/ˌfʌndəˈmentəl/,基本的；根本的,adj.,B2
funding,/ˈfʌndɪŋ/,资金；经费,n.,B2
furthermore,/ˌfɜːrðərˈmɔːr/,此外；而且,adv.,B2
gain,/ɡeɪn/,获得；增加；收益,"v., n.",B2
gang,/ɡæŋ/,一帮；一伙,n.,B2
generate,/ˈdʒenəreɪt/,产生；生成,v.,B2
genre,/ˈʒɑːnrə/,类型；流派,n.,B2
goods,/ɡʊdz/,商品；货物,n.,B2
govern,/ˈɡʌvərn/,统治；管理,v.,B2
governor,/ˈɡʌvərnər/,州长；总督；管理者,n.,B2
grab,/ɡræb/,抓住；夺取,v.,B2
gradually,/ˈɡrædʒuəli/,逐渐地,adv.,B2
grand,/ɡrænd/,宏大的；盛大的,adj.,B2
grant,/ɡrænt/,授予；拨款,"v., n.",B2
guarantee,/ˌɡærənˈtiː/,保证；担保,"v., n.",B2
handle,/ˈhændəl/,处理；把手,"v., n.",B2
harm,/hɑːrm/,伤害；损害,"n., v.",B2
harmful,/ˈhɑːrmfəl/,有害的,adj.,B2
hearing,/ˈhɪrɪŋ/,听力；听证会,n.,B2
heaven,/ˈhevən/,天堂,n.,B2
heel,/hiːl/,脚后跟；鞋跟,n.,B2
hell,/hel/,地狱,n.,B2
hesitate,/ˈhezəteɪt/,犹豫,v.,B2
high,/haɪ/,高的；高度；高水平,n.,B2
hold,/hoʊld/,持有；举行；保持,n.,B2
hollow,/ˈhɑːloʊ/,空心的；凹陷的,adj.,B2
holy,/ˈhoʊli/,神圣的,adj.,B2
honor,/ˈɑːnər/,荣誉；尊敬,"n., v.",B2
house,/haʊs/,房子；住宅,v.,B2
household,/ˈhaʊshoʊld/,家庭；家用的,n.,B2
housing,/ˈhaʊzɪŋ/,住房；住宅,n.,B2
humor,/ˈhjuːmər/,幽默,n.,B2
humorous,/ˈhjuːmərəs/,幽默的,adj.,B2
hunting,/ˈhʌntɪŋ/,狩猎；寻找,n.,B2
hurt,/hɜːrt/,受伤；伤害,n.,B2
ideal,/aɪˈdiːəl/,理想的；理想,n.,B2
illustrate,/ˈɪləstreɪt/,说明；阐明；给……加插图,v.,B2
illustration,/ˌɪləˈstreɪʃən/,说明；插图,n.,B2
imagination,/ɪˌmædʒəˈneɪʃən/,想象力,n.,B2
impatient,/ɪmˈpeɪʃənt/,不耐烦的；急躁的,adj.,B2
imply,/ɪmˈplaɪ/,暗示；意味着,v.,B2
impose,/ɪmˈpoʊz/,强加；征收,v.,B2
impress,/ɪmˈpres/,给……留下深刻印象,v.,B2
impressed,/ɪmˈprest/,印象深刻的,adj.,B2
inch,/ɪntʃ/,英寸,n.,B2
incident,/ˈɪnsɪdənt/,事件；事故,n.,B2
income,/ˈɪnkʌm/,收入,n.,B2
increasingly,/ɪnˈkriːsɪŋli/,越来越多地,adv.,B2
industrial,/ɪnˈdʌstriəl/,工业的,adj.,B2
infection,/ɪnˈfekʃən/,感染,n.,B2
inform,/ɪnˈfɔːrm/,通知；告知,v.,B2
initial,/ɪˈnɪʃəl/,最初的；首字母,adj.,B2
initially,/ɪˈnɪʃəli/,最初；开始时,adv.,B2
initiative,/ɪˈnɪʃətɪv/,主动性；倡议,n.,B2
inner,/ˈɪnər/,内部的；内心的,adj.,B2
inquiry,/ɪnˈkwaɪəri/,询问；调查,n.,B2
insight,/ˈɪnsaɪt/,洞察力；深入了解,n.,B2
insist,/ɪnˈsɪst/,坚持；坚称,v.,B2
inspire,/ɪnˈspaɪər/,激励；启发,v.,B2
install,/ɪnˈstɔːl/,安装,v.,B2
instance,/ˈɪnstəns/,例子；实例,n.,B2
institute,/ˈɪnstətuːt/,学院；机构；建立,n.,B2
institution,/ˌɪnstəˈtuːʃən/,机构；制度,n.,B2
insurance,/ɪnˈʃʊrəns/,保险,n.,B2
intended,/ɪnˈtendɪd/,预期的；打算的,adj.,B2
intense,/ɪnˈtens/,强烈的；激烈的,adj.,B2
internal,/ɪnˈtɜːrnəl/,内部的,adj.,B2
interpret,/ɪnˈtɜːrprət/,解释；口译,v.,B2
interrupt,/ˌɪntəˈrʌpt/,打断；中断,v.,B2
investigation,/ɪnˌvestəˈɡeɪʃən/,调查；研究,n.,B2
investment,/ɪnˈvestmənt/,投资,n.,B2
joy,/dʒɔɪ/,喜悦；快乐,n.,B2
judgment,/ˈdʒʌdʒmənt/,判断；判决,n.,B2
junior,/ˈdʒuːnjər/,年少的；初级的,adj.,B2
justice,/ˈdʒʌstɪs/,正义；司法,n.,B2
justify,/ˈdʒʌstəfaɪ/,证明……合理；为……辩护,v.,B2
labor,/ˈleɪbər/,劳动；劳工,n.,B2
landscape,/ˈlændskeɪp/,风景；景观,n.,B2
largely,/ˈlɑːrdʒli/,主要地；大部分,adv.,B2
launch,/lɔːntʃ/,发射；推出,"v., n.",B2
leadership,/ˈliːdərʃɪp/,领导；领导能力,n.,B2
league,/liːɡ/,联盟；联赛,n.,B2
lean,/liːn/,倾斜；倚靠；瘦的,v.,B2
leave,/liːv/,离开；留下；请假,n.,B2
license,/ˈlaɪsəns/,许可证；执照,n.,B2
limited,/ˈlɪmɪtɪd/,有限的,adj.,B2
line,/laɪn/,线；行；线路,v.,B2
lively,/ˈlaɪvli/,活泼的；生动的,adj.,B2
load,/loʊd/,负载；装载；大量,"n., v.",B2
loan,/loʊn/,贷款,n.,B2
logical,/ˈlɑːdʒɪkəl/,合乎逻辑的,adj.,B2
long-term,/ˌlɔːŋ ˈtɜːrm/,长期的,"adj., adv.",B2
loose,/luːs/,松的；宽松的,adj.,B2
lord,/lɔːrd/,领主；上帝,n.,B2
low,/loʊ/,低的；低水平,n.,B2
lower,/ˈloʊər/,降低；较低的,v.,B2
lung,/lʌŋ/,肺,n.,B2
maintain,/meɪnˈteɪn/,维持；保持；维修,v.,B2
major,/ˈmeɪdʒər/,主要的；专业；主修,n.,B2
majority,/məˈdʒɔːrəti/,大多数；多数,n.,B2
make,/meɪk/,制作；使；制造,n.,B2
map,/mæp/,地图；绘制地图,v.,B2
mass,/mæs/,大量；质量；群众,"n., adj.",B2
massive,/ˈmæsɪv/,巨大的；大量的,adj.,B2
master,/ˈmæstər/,主人；掌握；大师,"n., v.",B2
matching,/ˈmætʃɪŋ/,匹配的；相配的,adj.,B2
material,/məˈtɪriəl/,材料；物质；重要的,adj.,B2
maximum,/ˈmæksəməm/,最大值；最大的,"adj., n.",B2
means,/miːnz/,方法；手段；财富,n.,B2
measurement,/ˈmeʒərmənt/,测量；尺寸,n.,B2
melt,/melt/,融化,v.,B2
military,/ˈmɪləteri/,军事的；军队,"adj., n.",B2
mineral,/ˈmɪnərəl/,矿物；矿物质,n.,B2
minimum,/ˈmɪnəməm/,最低限度；最小值,"adj., n.",B2
minister,/ˈmɪnɪstər/,部长；牧师,n.,B2
minor,/ˈmaɪnər/,较小的；未成年人；辅修,adj.,B2
minority,/məˈnɔːrəti/,少数；少数群体,n.,B2
mission,/ˈmɪʃən/,任务；使命,n.,B2
mistake,/mɪˈsteɪk/,错误,v.,B2
mixed,/mɪkst/,混合的；复杂的,adj.,B2
model,/ˈmɑːdəl/,模型；模特；示范,v.,B2
modify,/ˈmɑːdəfaɪ/,修改；调整,v.,B2
monitor,/ˈmɑːnətər/,监视；监控器,"n., v.",B2
moral,/ˈmɔːrəl/,道德的；寓意,"adj., n.",B2
motor,/ˈmoʊtər/,发动机；马达,"n., adj.",B2
mount,/maʊnt/,登上；安装；山,v.,B2
multiple,/ˈmʌltəpəl/,多个的；倍数,adj.,B2
multiply,/ˈmʌltəplaɪ/,乘；增加,v.,B2
mysterious,/mɪˈstɪriəs/,神秘的,adj.,B2
narrow,/ˈnæroʊ/,狭窄的；缩小,v.,B2
national,/ˈnæʃənəl/,国家的；全国的,n.,B2
negative,/ˈneɡətɪv/,消极的；负面的；否定的,n.,B2
nerve,/nɜːrv/,神经；勇气,n.,B2
nevertheless,/ˌnevərðəˈles/,然而；不过,adv.,B2
nightmare,/ˈnaɪtmer/,噩梦；可怕的事情,n.,B2
notion,/ˈnoʊʃən/,概念；想法,n.,B2
numerous,/ˈnuːmərəs/,许多的,adj.,B2
obey,/oʊˈbeɪ/,服从,v.,B2
object,/ˈɑːbdʒekt/,物体；对象；反对,v.,B2
objective,/əbˈdʒektɪv/,目标；客观的,"n., adj.",B2
obligation,/ˌɑːbləˈɡeɪʃən/,义务；责任,n.,B2
observation,/ˌɑːbzərˈveɪʃən/,观察；观察结果,n.,B2
observe,/əbˈzɜːrv/,观察；遵守,v.,B2
obtain,/əbˈteɪn/,获得；取得,v.,B2
occasionally,/əˈkeɪʒənəli/,偶尔,adv.,B2
offend,/əˈfend/,冒犯；得罪,v.,B2
offense,/əˈfens/,冒犯；违法行为,n.,B2
offensive,/əˈfensɪv/,冒犯的；攻击性的,adj.,B2
opening,/ˈoʊpənɪŋ/,开口；开幕；开始,n.,B2
operate,/ˈɑːpəreɪt/,操作；经营；运转,v.,B2
opponent,/əˈpoʊnənt/,对手；反对者,n.,B2
oppose,/əˈpoʊz/,反对,v.,B2
opposed,/əˈpoʊzd/,反对的,adj.,B2
opposition,/ˌɑːpəˈzɪʃən/,反对；反对派,n.,B2
organ,/ˈɔːrɡən/,器官；机构,n.,B2
origin,/ˈɔːrədʒɪn/,起源；来源,n.,B2
otherwise,/ˈʌðərwaɪz/,否则；另外,adv.,B2
outcome,/ˈaʊtkʌm/,结果,n.,B2
outer,/ˈaʊtər/,外部的；外面的,adj.,B2
outline,/ˈaʊtlaɪn/,大纲；轮廓,"n., v.",B2
overall,/ˌoʊvərˈɔːl/,总体的；总体上,"adj., adv.",B2
owe,/oʊ/,欠；归功于,v.,B2
pace,/peɪs/,速度；步伐,"n., v.",B2
panel,/ˈpænəl/,面板；专家小组,n.,B2
participant,/pɑːrˈtɪsəpənt/,参与者,n.,B2
partly,/ˈpɑːrtli/,部分地,adv.,B2
passage,/ˈpæsɪdʒ/,通道；段落；经过,n.,B2
patient,/ˈpeɪʃənt/,耐心的；病人,adj.,B2
permanent,/ˈpɜːrmənənt/,永久的；长期的,adj.,B2
permit,/pərˈmɪt/,允许；许可证,"v., n.",B2
perspective,/pərˈspektɪv/,观点；视角,n.,B2
phase,/feɪz/,阶段；时期,n.,B2
phenomenon,/fəˈnɑːmənɑːn/,现象,n.,B2
philosophy,/fəˈlɑːsəfi/,哲学；人生观,n.,B2
pick,/pɪk/,挑选；捡；选择,n.,B2
picture,/ˈpɪktʃər/,图片；照片；想象,v.,B2
pile,/paɪl/,一堆；堆积,"n., v.",B2
pitch,/pɪtʃ/,音高；投掷；推销,n.,B2
plain,/pleɪn/,简单的；平原；清楚的,adj.,B2
pointed,/ˈpɔɪntɪd/,尖的；尖锐的,adj.,B2
popularity,/ˌpɑːpjəˈlerəti/,受欢迎程度,n.,B2
pose,/poʊz/,摆姿势；造成；姿势,v.,B2
position,/pəˈzɪʃən/,位置；职位；立场,v.,B2
positive,/ˈpɑːzətɪv/,积极的；正面的；肯定的,n.,B2
possess,/pəˈzes/,拥有,v.,B2
potential,/pəˈtenʃəl/,潜在的；潜力,"adj., n.",B2
power,/ˈpaʊər/,力量；权力；电力,v.,B2
praise,/preɪz/,赞扬；称赞,"n., v.",B2
pregnant,/ˈpreɡnənt/,怀孕的,adj.,B2
preparation,/ˌprepəˈreɪʃən/,准备；准备工作,n.,B2
presence,/ˈprezəns/,存在；出席,n.,B2
preserve,/prɪˈzɜːrv/,保护；保存,v.,B2
price,/praɪs/,价格,v.,B2
prime,/praɪm/,主要的；首要的；质数,adj.,B2
principle,/ˈprɪnsəpəl/,原则；原理,n.,B2
print,/prɪnt/,打印；印刷,n.,B2
priority,/praɪˈɔːrəti/,优先事项；优先权,n.,B2
privacy,/ˈpraɪvəsi/,隐私,n.,B2
procedure,/prəˈsiːdʒər/,程序；步骤,n.,B2
process,/ˈprɑːses/,过程；处理,v.,B2
produce,/prəˈduːs/,生产；产生；农产品,n.,B2
professional,/prəˈfeʃənəl/,专业的；专业人士,n.,B2
progress,/ˈprɑːɡres/,进步；进展,v.,B2
project,/ˈprɑːdʒekt/,项目；计划；预测,v.,B2
proof,/pruːf/,证据；证明,n.,B2
proposal,/prəˈpoʊzəl/,提议；建议,n.,B2
propose,/prəˈpoʊz/,提议；求婚,v.,B2
prospect,/ˈprɑːspekt/,前景；可能性,n.,B2
protection,/prəˈtekʃən/,保护,n.,B2
psychologist,/saɪˈkɑːlədʒɪst/,心理学家,n.,B2
psychology,/saɪˈkɑːlədʒi/,心理学,n.,B2
publication,/ˌpʌbləˈkeɪʃən/,出版；出版物,n.,B2
purchase,/ˈpɜːrtʃəs/,购买；购买物,"n., v.",B2
pure,/pjʊr/,纯的；纯洁的,adj.,B2
pursue,/pərˈsuː/,追求；继续进行,v.,B2
rank,/ræŋk/,等级；排名；排列,"n., v.",B2
rapid,/ˈræpɪd/,快速的,adj.,B2
rapidly,/ˈræpɪdli/,迅速地,adv.,B2
rate,/reɪt/,比率；速度；评价,v.,B2
raw,/rɔː/,生的；未经加工的,adj.,B2
reach,/riːtʃ/,到达；达到；伸手,n.,B2
realistic,/ˌriːəˈlɪstɪk/,现实的；实际的,adj.,B2
reasonable,/ˈriːzənəbəl/,合理的；明智的,adj.,B2
recall,/rɪˈkɔːl/,回忆；召回,v.,B2
recover,/rɪˈkʌvər/,恢复；康复；找回,v.,B2
reduction,/rɪˈdʌkʃən/,减少；降低,n.,B2
regard,/rɪˈɡɑːrd/,认为；尊重；关注,"v., n.",B2
regional,/ˈriːdʒənəl/,地区的；区域的,adj.,B2
register,/ˈredʒɪstər/,登记；注册,"v., n.",B2
regret,/rɪˈɡret/,后悔；遗憾,"v., n.",B2
regulation,/ˌreɡjəˈleɪʃən/,规定；监管,n.,B2
relatively,/ˈrelətɪvli/,相对地,adv.,B2
relevant,/ˈreləvənt/,相关的；有用的,adj.,B2
relief,/rɪˈliːf/,缓解；救济；宽慰,n.,B2
rely,/rɪˈlaɪ/,依靠；依赖,v.,B2
remark,/rɪˈmɑːrk/,评论；谈论,"n., v.",B2
representative,/ˌreprɪˈzentətɪv/,代表；有代表性的,"n., adj.",B2
reputation,/ˌrepjəˈteɪʃən/,声誉；名声,n.,B2
requirement,/rɪˈkwaɪərmənt/,要求；必要条件,n.,B2
rescue,/ˈreskjuː/,营救；救援,"v., n.",B2
reserve,/rɪˈzɜːrv/,保留；储备；预订,"n., v.",B2
resident,/ˈrezɪdənt/,居民；居住的,"n., adj.",B2
resist,/rɪˈzɪst/,抵抗；抵制,v.,B2
resolve,/rɪˈzɑːlv/,解决；决心,v.,B2
resort,/rɪˈzɔːrt/,度假胜地；求助,n.,B2
retain,/rɪˈteɪn/,保留；保持,v.,B2
reveal,/rɪˈviːl/,揭示；透露,v.,B2
revolution,/ˌrevəˈluːʃən/,革命；巨大变化,n.,B2
reward,/rɪˈwɔːrd/,奖励；回报,"n., v.",B2
rhythm,/ˈrɪðəm/,节奏；韵律,n.,B2
rid,/rɪd/,摆脱；去除,v.,B2
rise,/raɪz/,上升；上涨；起立,n.,B2
root,/ruːt/,根；根源,n.,B2
round,/raʊnd/,圆的；轮次；周围,n.,B2
routine,/ruːˈtiːn/,日常工作；惯例,adj.,B2
rub,/rʌb/,擦；摩擦,v.,B2
rubber,/ˈrʌbər/,橡胶；橡皮,"n., adj.",B2
rural,/ˈrʊrəl/,农村的,adj.,B2
rush,/rʌʃ/,冲；匆忙,"v., n.",B2
satellite,/ˈsætəlaɪt/,卫星,n.,B2
satisfied,/ˈsætɪsfaɪd/,满意的,adj.,B2
satisfy,/ˈsætɪsfaɪ/,使满意；满足,v.,B2
saving,/ˈseɪvɪŋ/,节省；储蓄,n.,B2
scale,/skeɪl/,规模；比例；刻度,n.,B2
schedule,/ˈskedʒuːl/,时间表；安排,v.,B2
scream,/skriːm/,尖叫,"v., n.",B2
screen,/skriːn/,屏幕；筛选,v.,B2
seat,/siːt/,座位；使就座,v.,B2
sector,/ˈsektər/,部门；领域,n.,B2
secure,/sɪˈkjʊr/,安全的；获得；保护,"v., adj.",B2
seek,/siːk/,寻找；寻求,v.,B2
select,/sɪˈlekt/,选择；挑选,v.,B2
selection,/sɪˈlekʃən/,选择；选集,n.,B2
self,/self/,自己；自我,n.,B2
senate,/ˈsenət/,参议院,n.,B2
senator,/ˈsenətər/,参议员,n.,B2
senior,/ˈsiːnjər/,高级的；年长者,adj.,B2
sense,/sens/,感觉；意义；意识,v.,B2
sensitive,/ˈsensətɪv/,敏感的；体贴的,adj.,B2
sentence,/ˈsentəns/,句子；判决,v.,B2
sequence,/ˈsiːkwəns/,顺序；序列,n.,B2
session,/ˈseʃən/,会议；一段时间,n.,B2
settle,/ˈsetəl/,解决；定居；安顿,v.,B2
severe,/səˈvɪr/,严重的；严厉的,adj.,B2
shade,/ʃeɪd/,阴影；遮荫,n.,B2
shadow,/ˈʃædoʊ/,影子；阴影,n.,B2
shall,/ʃæl/,将；应该,modal v.,B2
shallow,/ˈʃæloʊ/,浅的,adj.,B2
shame,/ʃeɪm/,羞耻；遗憾,n.,B2
shape,/ʃeɪp/,形状；塑造,v.,B2
shelter,/ˈʃeltər/,避难所；庇护,"n., v.",B2
ship,/ʃɪp/,船；运输,v.,B2
shock,/ʃɑːk/,震惊；冲击,"n., v.",B2
shocked,/ʃɑːkt/,震惊的,adj.,B2
shooting,/ˈʃuːtɪŋ/,射击；枪击；拍摄,n.,B2
shot,/ʃɑːt/,射击；一枪；镜头,n.,B2
significant,/sɪɡˈnɪfɪkənt/,重要的；显著的,adj.,B2
significantly,/sɪɡˈnɪfɪkəntli/,显著地；明显地,adv.,B2
silence,/ˈsaɪləns/,沉默；使安静,n.,B2
silk,/sɪlk/,丝绸,n.,B2
sincere,/sɪnˈsɪr/,真诚的,adj.,B2
slide,/slaɪd/,滑动；幻灯片,"v., n.",B2
slight,/slaɪt/,轻微的；略微的,adj.,B2
slip,/slɪp/,滑倒；滑动；失误,v.,B2
slope,/sloʊp/,斜坡；倾斜,"n., v.",B2
solar,/ˈsoʊlər/,太阳的；太阳能的,adj.,B2
somewhat,/ˈsʌmwʌt/,有点；稍微,adv.,B2
soul,/soʊl/,灵魂；心灵,n.,B2
specialist,/ˈspeʃəlɪst/,专家；专科医生,"n., adj.",B2
species,/ˈspiːʃiːz/,物种,n.,B2
speed,/spiːd/,速度；加速,v.,B2
spiritual,/ˈspɪrɪtʃuəl/,精神的；心灵的,adj.,B2
split,/splɪt/,分裂；分开,"v., n.",B2
sponsor,/ˈspɑːnsər/,赞助商；赞助,"v., n.",B2
stable,/ˈsteɪbəl/,稳定的；马厩,adj.,B2
stage,/steɪdʒ/,阶段；舞台,v.,B2
stand,/stænd/,站立；立场；摊位,n.,B2
stare,/ster/,盯着看,v.,B2
status,/ˈsteɪtəs/,地位；状态,n.,B2
steady,/ˈstedi/,稳定的；稳步的,adj.,B2
steel,/stiːl/,钢；钢铁,n.,B2
steep,/stiːp/,陡峭的；急剧的,adj.,B2
step,/step/,步骤；脚步,v.,B2
sticky,/ˈstɪki/,粘的；棘手的,adj.,B2
stiff,/stɪf/,僵硬的；不灵活的,adj.,B2
stock,/stɑːk/,股票；库存；储备,n.,B2
stream,/striːm/,溪流；流；流媒体,n.,B2
stretch,/stretʃ/,伸展；延伸,"v., n.",B2
strict,/strɪkt/,严格的,adj.,B2
strike,/straɪk/,打击；罢工；击中,"v., n.",B2
structure,/ˈstrʌktʃər/,结构；构造,v.,B2
struggle,/ˈstrʌɡəl/,挣扎；斗争,"v., n.",B2
subject,/ˈsʌbdʒekt/,主题；科目；使服从,adj.,B2
submit,/səbˈmɪt/,提交；服从,v.,B2
sum,/sʌm/,总和；总结,"n., v.",B2
surgery,/ˈsɜːrdʒəri/,外科手术；外科,n.,B2
surround,/səˈraʊnd/,包围；围绕,v.,B2
surrounding,/səˈraʊndɪŋ/,周围的；环境,adj.,B2
survey,/ˈsɜːrveɪ/,调查；测量,v.,B2
suspect,/səˈspekt/,怀疑；嫌疑犯,"v., n.",B2
swear,/swer/,发誓；咒骂,v.,B2
sweep,/swiːp/,打扫；席卷,v.,B2
sympathy,/ˈsɪmpəθi/,同情；同情心,n.,B2
tale,/teɪl/,故事,n.,B2
tank,/tæŋk/,坦克；水箱,n.,B2
target,/ˈtɑːrɡɪt/,目标,v.,B2
tear1,/ter/,眼泪,"v., n.",B2
tear2,/tɪr/,撕裂；撕破,n.,B2
temporary,/ˈtempəreri/,暂时的；临时的,adj.,B2
term,/tɜːrm/,术语；学期；期限,v.,B2
therapy,/ˈθerəpi/,治疗；疗法,n.,B2
threat,/θret/,威胁,n.,B2
threaten,/ˈθretən/,威胁；可能造成,v.,B2
thus,/ðʌs/,因此；从而,adv.,B2
time,/taɪm/,时间；次数,v.,B2
title,/ˈtaɪtəl/,标题；头衔,v.,B2
tone,/toʊn/,语气；音调,n.,B2
tough,/tʌf/,艰难的；坚强的,adj.,B2
track,/træk/,轨道；踪迹；跟踪,v.,B2
transfer,/trænsˈfɜːr/,转移；转让；转乘,"v., n.",B2
transform,/trænsˈfɔːrm/,改变；转换,v.,B2
transition,/trænˈzɪʃən/,过渡；转变,n.,B2
trial,/ˈtraɪəl/,试验；审判,n.,B2
trip,/trɪp/,旅行；绊倒,v.,B2
tropical,/ˈtrɑːpɪkəl/,热带的,adj.,B2
trouble,/ˈtrʌbəl/,麻烦；问题,v.,B2
truly,/ˈtruːli/,真正地；确实,adv.,B2
trust,/trʌst/,信任；相信,"n., v.",B2
try,/traɪ/,尝试；努力,n.,B2
tune,/tuːn/,曲调；调节,n.,B2
tunnel,/ˈtʌnəl/,隧道,n.,B2
ultimately,/ˈʌltəmətli/,最终；归根结底,adv.,B2
unconscious,/ʌnˈkɑːnʃəs/,无意识的；昏迷的,adj.,B2
unexpected,/ˌʌnɪkˈspektɪd/,意外的；出乎意料的,adj.,B2
unique,/juˈniːk/,独特的；唯一的,adj.,B2
universe,/ˈjuːnəvɜːrs/,宇宙,n.,B2
unknown,/ʌnˈnoʊn/,未知的；未知的人,adj.,B2
upper,/ˈʌpər/,上面的；上部,adj.,B2
upward,/ˈʌpwərd/,向上的；向上,adv.,B2
urban,/ˈɜːrbən/,城市的,adj.,B2
urge,/ɜːrdʒ/,敦促；强烈要求,v.,B2
van,/væn/,厢式货车；面包车,n.,B2
vary,/ˈveri/,变化；不同,v.,B2
vast,/væst/,巨大的；广阔的,adj.,B2
venue,/ˈvenjuː/,场地；举办地点,n.,B2
very,/ˈveri/,非常；很,adj.,B2
via,/ˈvaɪə/,通过；经由,prep.,B2
victory,/ˈvɪktəri/,胜利,n.,B2
violence,/ˈvaɪələns/,暴力,n.,B2
virtual,/ˈvɜːrtʃuəl/,虚拟的；事实上的,adj.,B2
vision,/ˈvɪʒən/,视力；愿景,n.,B2
visual,/ˈvɪʒuəl/,视觉的；图像,adj.,B2
vital,/ˈvaɪtəl/,至关重要的；生命的,adj.,B2
vitamin,/ˈvaɪtəmɪn/,维生素,n.,B2
volume,/ˈvɑːljuːm/,体积；音量；卷,n.,B2
wage,/weɪdʒ/,工资；薪资,n.,B2
way,/weɪ/,方式；道路,adv.,B2
weakness,/ˈwiːknəs/,弱点；虚弱,n.,B2
wealth,/welθ/,财富,n.,B2
wealthy,/ˈwelθi/,富有的,adj.,B2
whereas,/werˈæz/,然而；而,conj.,B2
wherever,/werˈevər/,无论哪里,conj.,B2
whisper,/ˈwɪspər/,低声说；耳语,"v., n.",B2
whom,/huːm/,谁（宾格）,pron.,B2
widely,/ˈwaɪdli/,广泛地,adv.,B2
wildlife,/ˈwaɪldlaɪf/,野生动物,n.,B2
willing,/ˈwɪlɪŋ/,愿意的,adj.,B2
wind2,/waɪnd/,缠绕；绕住,v.,B2
wire,/waɪər/,电线；金属丝,n.,B2
wise,/waɪz/,明智的；聪明的,adj.,B2
witness,/ˈwɪtnəs/,目击者；见证,"n., v.",B2
wound,/wuːnd/,伤口；使受伤,"n., v.",B2
wrap,/ræp/,包裹；包装,v.,B2
yet,/jet/,还；尚且；然而,conj.,B2
zone,/zoʊn/,区域；地带,n.,B2
wow,/waʊ/,哇；惊叹,exclam.,A1
yours,/jʊrz/,你的；你们的,pron.,A1
zero,/ˈzɪroʊ/,零,number,A1
thought,/θɔːt/,想法；思考；think的过去式,n.,A1
throw,/θroʊ/,扔；投掷,v.,A1
tie,/taɪ/,领带；系；打成平局,"v., n.",A1
tool,/tuːl/,工具,n.,A1
top,/tɑːp/,顶部；顶端；最好的,"n., adj.",A1
tourism,/ˈtʊrɪzəm/,旅游业,n.,A1
toward,/təˈwɔrd/,向；朝着,prep.,A1
towel,/ˈtaʊəl/,毛巾,n.,A1
tower,/ˈtaʊər/,塔；高楼,n.,A1
toy,/tɔɪ/,玩具,"n., adj.",A1
tradition,/trəˈdɪʃən/,传统,n.,A1
traditional,/trəˈdɪʃənəl/,传统的,adj.,A1
train,/treɪn/,火车；训练,v.,A1
training,/ˈtreɪnɪŋ/,训练；培训,n.,A1
transportation,/ˌtrænspərˈteɪʃən/,交通；运输,n.,A1
trash,/træʃ/,垃圾,n.,A1
traveler,/ˈtrævələr/,旅行者,n.,A1
twin,/twɪn/,双胞胎之一；双胞胎的,"n., adj.",A1
typical,/ˈtɪpɪkəl/,典型的,adj.,A1
underground,/ˈʌndərɡraʊnd/,地下的；地铁,"adj., adv.",A1
understanding,/ˌʌndərˈstændɪŋ/,理解；理解力,n.,A1
unfortunately,/ʌnˈfɔrtʃənətli/,不幸地；遗憾地,adv.,A1
unhappy,/ʌnˈhæpi/,不开心的；不快乐的,adj.,A1
uniform,/ˈjuːnəfɔrm/,制服；统一的,n.,A1
unit,/ˈjuːnɪt/,单位；单元,n.,A1
united,/juˈnaɪtɪd/,联合的；团结的,adj.,A1
unusual,/ʌnˈjuːʒuəl/,不寻常的,adj.,A1
upstairs,/ʌpˈsterz/,楼上；在楼上,adj.,A1
use,/juːz/,使用；用途,n.,A1
used,/juːzd/,使用过的；习惯于,to modal v.,A1
user,/ˈjuːzər/,用户,n.,A1
usual,/ˈjuːʒuəl/,通常的；平常的,adj.,A1
valley,/ˈvæli/,山谷,n.,A1
variety,/vəˈraɪəti/,种类；多样性,n.,A1
vehicle,/ˈviːəkəl/,车辆,n.,A1
village,/ˈvɪlɪdʒ/,村庄,n.,A1
virus,/ˈvaɪrəs/,病毒,n.,A1
voice,/vɔɪs/,声音；嗓音,n.,A1
wait,/weɪt/,等待,n.,A1
war,/wɔr/,战争,n.,A1
wash,/wɑːʃ/,洗；清洗,n.,A1
washing,/ˈwɑːʃɪŋ/,洗涤；洗衣,n.,A1
weak,/wiːk/,虚弱的；弱的,adj.,A1
web,/web/,网络；网页,n.,A1
wedding,/ˈwedɪŋ/,婚礼,n.,A1
weight,/weɪt/,重量；体重,n.,A1
welcome,/ˈwelkəm/,欢迎；受欢迎的,n.,A1
wet,/wet/,湿的,adj.,A1
wheel,/wiːl/,轮子,n.,A1
whose,/huːz/,谁的,det./pron.,A1
wide,/waɪd/,宽的；广泛的,adj.,A1
wild,/waɪld/,野生的；狂野的,adj.,A1
wind1,/waɪnd/,风,n.,A1
winner,/ˈwɪnər/,获胜者,n.,A1
wish,/wɪʃ/,希望；愿望,"v, n.",A1
wood,/wʊd/,木头；木材,n.,A1
wooden,/ˈwʊdən/,木制的,adj.,A1
working,/ˈwɝːkɪŋ/,工作的；运转的,adj.,A1
worried,/ˈwɝːid/,担心的；焦虑的,adj.,A1
society,/səˈsaɪəti/,社会,n.,A1
sock,/sɑːk/,短袜,n.,A1
soft,/sɔːft/,柔软的；温和的,adj.,A1
soldier,/ˈsoʊldʒər/,士兵,n.,A1
solution,/səˈluːʃən/,解决办法；解决方案,n.,A1
solve,/sɑːlv/,解决,v.,A1
somewhere,/ˈsʌmwer/,某处；在某处,"adv., pron.",A1
source,/sɔːrs/,来源；源头,n.,A1
speaker,/ˈspiːkər/,说话者；演讲者；扬声器,n.,A1
specific,/spəˈsɪfɪk/,具体的；特定的,adj.,A1
speech,/spiːtʃ/,演讲；言语,n.,A1
spider,/ˈspaɪdər/,蜘蛛,n.,A1
spoon,/spuːn/,勺子,n.,A1
square,/skwer/,正方形；广场,"adj., n.",A1
stair,/ster/,楼梯,n.,A1
stamp,/stæmp/,邮票；盖章,n.,A1
star,/stɑːr/,星星；明星,v.,A1
start,/stɑːrt/,开始,n.,A1
stay,/steɪ/,停留；待,n.,A1
steal,/stiːl/,偷；窃取,v.,A1
stomach,/ˈstʌmək/,胃；肚子,n.,A1
stone,/stoʊn/,石头,n.,A1
storm,/stɔːrm/,暴风雨,"n., v.",A1
stove,/stoʊv/,炉子,n.,A1
straight,/streɪt/,直的；直接地,"adv., adj.",A1
strange,/streɪndʒ/,奇怪的；陌生的,adj.,A1
strategy,/ˈstrætədʒi/,策略；战略,n.,A1
stress,/stres/,压力；强调,"n., v.",A1
stupid,/ˈstuːpɪd/,愚蠢的,adj.,A1
subway,/ˈsʌbweɪ/,地铁,n.,A1
succeed,/səkˈsiːd/,成功,v.,A1
successful,/səkˈsesfəl/,成功的,adj.,A1
such,/sʌtʃ/,这样的；如此的,det./pron.,A1
suddenly,/ˈsʌdənli/,突然地,adv.,A1
suggest,/səˈdʒest/,建议；暗示,v.,A1
suggestion,/səˈdʒestʃən/,建议,n.,A1
support,/səˈpɔːrt/,支持；支撑,"v., n.",A1
suppose,/səˈpoʊz/,假设；认为,v.,A1
sure,/ʃʊr/,确定的；当然,adv.,A1
surprise,/sərˈpraɪz/,惊喜；使惊讶,"n., v.",A1
surprised,/sərˈpraɪzd/,感到惊讶的,adj.,A1
surprising,/sərˈpraɪzɪŋ/,令人惊讶的,adj.,A1
sweet,/swiːt/,甜的；甜食,"adj., n.",A1
symbol,/ˈsɪmbəl/,符号；象征,n.,A1
system,/ˈsɪstəm/,系统,n.,A1
tablet,/ˈtæblət/,平板电脑；药片,n.,A1
talk,/tɔːk/,谈话；交谈,n.,A1
task,/tæsk/,任务,n.,A1
taste,/teɪst/,味道；品尝,"n., v.",A1
teaching,/ˈtiːtʃɪŋ/,教学,n.,A1
technology,/tekˈnɑːlədʒi/,技术,n.,A1
teenage,/ˈtiːneɪdʒ/,青少年的,adj.,A1
temperature,/ˈtemprətʃər/,温度,n.,A1
text,/tekst/,文本；短信,v.,A1
themselves,/ðəmˈselvz/,他们自己；她们自己,pron.,A1
thick,/θɪk/,厚的；浓的,adj.,A1
thief,/θiːf/,小偷,n.,A1
thin,/θɪn/,薄的；瘦的,adj.,A1
thinking,/ˈθɪŋkɪŋ/,思考；想法,n.,A1
third,/θɝːd/,第三；三分之一,n.,A1
rock,/rɑːk/,岩石；摇滚乐,(music) n.,A1
role,/roʊl/,角色；作用,n.,A1
roof,/ruːf/,屋顶,n.,A1
route,/ruːt/,路线,n.,A1
rude,/ruːd/,粗鲁的,adj.,A1
run,/rʌn/,跑；运行,n.,A1
runner,/ˈrʌnər/,跑步者,n.,A1
running,/ˈrʌnɪŋ/,跑步；运行的,n.,A1
sadly,/ˈsædli/,悲伤地；遗憾地,adv.,A1
safe,/seɪf/,安全的,adj.,A1
sailing,/ˈseɪlɪŋ/,航行；帆船运动,n.,A1
salary,/ˈsæləri/,薪水,n.,A1
sale,/seɪl/,销售；促销,n.,A1
sauce,/sɔːs/,酱汁,n.,A1
save,/seɪv/,保存；节省；拯救,v.,A1
scared,/skerd/,害怕的,adj.,A1
scary,/ˈskeri/,吓人的,adj.,A1
scene,/siːn/,场景；现场,n.,A1
score,/skɔːr/,分数；得分,"v., n.",A1
sea,/siː/,海；海洋,n.,A1
search,/sɝːtʃ/,搜索；搜寻,"n., v.",A1
season,/ˈsiːzən/,季节；赛季,n.,A1
second1,/ˈsekənd/,第二；秒,(next after the first) adv.,A1
secret,/ˈsiːkrət/,秘密,"adj., n.",A1
secretary,/ˈsekrəteri/,秘书,n.,A1
seem,/siːm/,似乎；好像,v.,A1
series,/ˈsɪriːz/,系列,n.,A1
serious,/ˈsɪriəs/,严重的；认真的,adj.,A1
serve,/sɝːv/,服务；提供,v.,A1
service,/ˈsɝːvɪs/,服务,n.,A1
several,/ˈsevrəl/,几个；一些,det./pron.,A1
sheet,/ʃiːt/,床单；纸张,n.,A1
shoulder,/ˈʃoʊldər/,肩膀,n.,A1
shout,/ʃaʊt/,喊叫,"v., n.",A1
shut,/ʃʌt/,关闭；关上,"v., adj.",A1
side,/saɪd/,一边；侧面,n.,A1
sign,/saɪn/,标志；迹象；签名,"n., v.",A1
silver,/ˈsɪlvər/,银；银色,"n., adj.",A1
simple,/ˈsɪmpəl/,简单的,adj.,A1
singing,/ˈsɪŋɪŋ/,唱歌,n.,A1
single,/ˈsɪŋɡəl/,单一的；单身的,"adj., n.",A1
sir,/sɝː/,先生,n.,A1
site,/saɪt/,地点；网站,n.,A1
size,/saɪz/,尺寸；大小,n.,A1
ski,/skiː/,滑雪；滑雪板,"v., adj., n.",A1
skiing,/ˈskiːɪŋ/,滑雪运动,n.,A1
skin,/skɪn/,皮肤,n.,A1
sky,/skaɪ/,天空,n.,A1
sleep,/sliːp/,睡觉；睡眠,n.,A1
slowly,/ˈsloʊli/,缓慢地,adv.,A1
smartphone,/ˈsmɑːrtfoʊn/,智能手机,n.,A1
smell,/smel/,气味；闻起来,"v., n.",A1
smile,/smaɪl/,微笑,"v., n.",A1
smoke,/smoʊk/,烟；吸烟,"n., v.",A1
smoking,/ˈsmoʊkɪŋ/,吸烟,n.,A1
sneaker,/ˈsniːkər/,运动鞋,n.,A1
soap,/soʊp/,肥皂,n.,A1
soccer,/ˈsɑːkər/,足球,n.,A1
social,/ˈsoʊʃəl/,社会的；社交的,adj.,A1
president,/ˈprezɪdənt/,总统；总裁,n.,A1
prevent,/prɪˈvent/,防止；预防,v.,A1
printer,/ˈprɪntər/,打印机,n.,A1
prison,/ˈprɪzən/,监狱,n.,A1
prize,/praɪz/,奖品；奖项,n.,A1
professor,/prəˈfesər/,教授,n.,A1
profile,/ˈproʊfaɪl/,个人资料；简介,n.,A1
promise,/ˈprɑːmɪs/,承诺；答应,"v., n.",A1
pronounce,/prəˈnaʊns/,发音,v.,A1
protect,/prəˈtekt/,保护,v.,A1
provide,/prəˈvaɪd/,提供,v.,A1
public,/ˈpʌblɪk/,公共的；公众,"adj., n.",A1
publish,/ˈpʌblɪʃ/,出版；发布,v.,A1
purpose,/ˈpɝːpəs/,目的,n.,A1
quality,/ˈkwɑːləti/,质量；品质,n.,A1
quantity,/ˈkwɑːntəti/,数量,n.,A1
queen,/kwiːn/,女王,n.,A1
question,/ˈkwestʃən/,问题；询问,v.,A1
quietly,/ˈkwaɪətli/,安静地,adv.,A1
railroad,/ˈreɪlroʊd/,铁路,n.,A1
rather,/ˈræðər/,相当；宁愿,adv.,A1
react,/riˈækt/,反应,v.,A1
realize,/ˈriːəlaɪz/,意识到；实现,v.,A1
receive,/rɪˈsiːv/,收到；接收,v.,A1
recent,/ˈriːsənt/,最近的,adj.,A1
recently,/ˈriːsəntli/,最近,adv.,A1
reception,/rɪˈsepʃən/,接待；接待处,n.,A1
recipe,/ˈresəpi/,食谱,n.,A1
recognize,/ˈrekəɡnaɪz/,认出；认识到,v.,A1
recommend,/ˌrekəˈmend/,推荐,v.,A1
record,/ˈrekərd/,记录；录音,"n., v.",A1
recording,/rɪˈkɔːrdɪŋ/,录音；记录,n.,A1
recycle,/riːˈsaɪkəl/,回收利用,v.,A1
reduce,/rɪˈduːs/,减少；降低,v.,A1
refer,/rɪˈfɝː/,提及；参考,v.,A1
refrigerator,/rɪˈfrɪdʒəreɪtər/,冰箱,n.,A1
refuse1,/rɪˈfjuːz/,拒绝,v.,A1
region,/ˈriːdʒən/,地区；区域,n.,A1
regular,/ˈreɡjələr/,定期的；普通的,adj.,A1
relationship,/rɪˈleɪʃənʃɪp/,关系,n.,A1
remove,/rɪˈmuːv/,移除；去掉,v.,A1
replace,/rɪˈpleɪs/,替换；取代,v.,A1
reply,/rɪˈplaɪ/,回复；回答,"v., n.",A1
report,/rɪˈpɔːrt/,报告；报道,v.,A1
reporter,/rɪˈpɔːrtər/,记者,n.,A1
research,/rɪˈsɝːtʃ/,研究,"n., v.",A1
researcher,/rɪˈsɝːtʃər/,研究人员,n.,A1
respond,/rɪˈspɑːnd/,回应；回答,v.,A1
response,/rɪˈspɑːns/,回应；答复,n.,A1
rest,/rest/,休息；剩余部分,(remaining part) n.,A1
review,/rɪˈvjuː/,复习；评论,"n., v.",A1
ride,/raɪd/,骑；乘坐,n.,A1
ring1,/rɪŋ/,戒指；环,n.,A1
noisy,/ˈnɔɪzi/,吵闹的,adj.,A1
none,/nʌn/,没有一个；没有任何,pron.,A1
normally,/ˈnɔːrməli/,通常；正常地,adv.,A1
notice,/ˈnoʊtɪs/,注意到；通知,"v., n.",A1
novel,/ˈnɑːvəl/,小说；新颖的,n.,A1
nowhere,/ˈnoʊwer/,无处；哪里都不,adv.,A1
number,/ˈnʌmbər/,数字；号码；数量,v.,A1
nut,/nʌt/,坚果；螺母,n.,A1
offer,/ˈɔːfər/,提供；提议,"v., n.",A1
officer,/ˈɔːfɪsər/,官员；警察,n.,A1
oil,/ɔɪl/,油,n.,A1
onto,/ˈɑːntuː/,到……上面,prep.,A1
opportunity,/ˌɑːpərˈtuːnəti/,机会,n.,A1
option,/ˈɑːpʃən/,选择；选项,n.,A1
ordinary,/ˈɔːrdəneri/,普通的；平常的,adj.,A1
organization,/ˌɔːrɡənəˈzeɪʃən/,组织,n.,A1
organize,/ˈɔːrɡənaɪz/,组织；安排,v.,A1
ourselves,/aʊərˈselvz/,我们自己,pron.,A1
outside,/aʊtˈsaɪd/,外面；在外面,"prep., n., adj.",A1
oven,/ˈʌvən/,烤箱,n.,A1
own,/oʊn/,自己的；拥有,v.,A1
owner,/ˈoʊnər/,主人；所有者,n.,A1
pain,/peɪn/,疼痛,n.,A1
painter,/ˈpeɪntər/,画家,n.,A1
palace,/ˈpæləs/,宫殿,n.,A1
parking,/ˈpɑːrkɪŋ/,停车；停车场,n.,A1
particular,/pərˈtɪkjələr/,特别的；特定的,adj.,A1
passenger,/ˈpæsəndʒər/,乘客,n.,A1
past,/pæst/,过去；过去的,adv.,A1
pattern,/ˈpætərn/,模式；图案,n.,A1
pay,/peɪ/,支付；付款,n.,A1
peace,/piːs/,和平,n.,A1
penny,/ˈpeni/,便士,n.,A1
per,/pɝː/,每；每一,prep.,A1
percent,/pərˈsent/,百分比,"noun., adj./adv.",A1
perform,/pərˈfɔːrm/,表演；执行,v.,A1
perhaps,/pərˈhæps/,也许；可能,adv.,A1
permission,/pərˈmɪʃən/,许可；允许,n.,A1
personality,/ˌpɝːsəˈnæləti/,个性；性格,n.,A1
pet,/pet/,宠物,n.,A1
photograph,/ˈfoʊtəɡræf/,照片,v.,A1
physical,/ˈfɪzɪkəl/,身体的；物理的,adj.,A1
physics,/ˈfɪzɪks/,物理学,n.,A1
pilot,/ˈpaɪlət/,飞行员,n.,A1
planet,/ˈplænət/,行星,n.,A1
plant,/plænt/,植物；种植,v.,A1
plastic,/ˈplæstɪk/,塑料；塑料的,"n., adj.",A1
plate,/pleɪt/,盘子；碟子,n.,A1
platform,/ˈplætfɔːrm/,平台；站台,n.,A1
please,/pliːz/,请；使满意,v.,A1
pleased,/pliːzd/,高兴的；满意的,adj.,A1
pocket,/ˈpɑːkɪt/,口袋,n.,A1
polite,/pəˈlaɪt/,有礼貌的,adj.,A1
pollution,/pəˈluːʃən/,污染,n.,A1
pop,/pɑːp/,流行音乐；突然出现,"n., adj.",A1
population,/ˌpɑːpjəˈleɪʃən/,人口,n.,A1
possession,/pəˈzeʃən/,拥有；财产,n.,A1
possibility,/ˌpɑːsəˈbɪləti/,可能性,n.,A1
poster,/ˈpoʊstər/,海报,n.,A1
predict,/prɪˈdɪkt/,预测,v.,A1
present,/ˈprezənt/,现在的；礼物；出席,v.,A1
leader,/ˈliːdər/,领导者,n.,A1
learning,/ˈlɝːnɪŋ/,学习,n.,A1
least,/liːst/,最少；至少,"det./pron., adv.",A1
lecture,/ˈlektʃər/,讲座,"n., v.",A1
lemon,/ˈlemən/,柠檬,n.,A1
lend,/lend/,借出,v.,A1
less,/les/,较少的；更少,"det./pron., adv.",A1
lifestyle,/ˈlaɪfstaɪl/,生活方式,n.,A1
lift,/lɪft/,举起；电梯,v.,A1
light,/laɪt/,光；灯；轻的,(from the sun/a lamp) v.,A1
likely,/ˈlaɪkli/,可能的,adj.,A1
link,/lɪŋk/,链接；联系,"n., v.",A1
listener,/ˈlɪsənər/,听众,n.,A1
little,/ˈlɪtəl/,少量的；小的,adv.,A1
lock,/lɑːk/,锁；锁上,"v., n.",A1
look,/lʊk/,看；看起来,n.,A1
lost,/lɔːst/,迷路的；丢失的,adj.,A1
loud,/laʊd/,大声的,"adj., adv.",A1
loudly,/ˈlaʊdli/,大声地,adv.,A1
luck,/lʌk/,运气,n.,A1
lucky,/ˈlʌki/,幸运的,adj.,A1
mail,/meɪl/,邮件；邮寄,"n., v.",A1
male,/meɪl/,男性；男性的,"adj., n.",A1
manage,/ˈmænɪdʒ/,管理；设法做到,v.,A1
manager,/ˈmænɪdʒər/,经理,n.,A1
manner,/ˈmænər/,方式；举止,n.,A1
mark,/mɑːrk/,标记；分数,"v., n.",A1
marry,/ˈmeri/,结婚,v.,A1
math,/mæθ/,数学,n.,A1
mathematics,/ˌmæθəˈmætɪks/,数学,n.,A1
matter,/ˈmætər/,事情；要紧,"n., v.",A1
may,/meɪ/,可能；可以,modal v.,A1
mayor,/ˈmeɪər/,市长,n.,A1
media,/ˈmiːdiə/,媒体,n.,A1
medical,/ˈmedɪkəl/,医疗的,adj.,A1
medicine,/ˈmedəsən/,药；医学,n.,A1
memory,/ˈmeməri/,记忆,n.,A1
metal,/ˈmetəl/,金属,n.,A1
method,/ˈmeθəd/,方法,n.,A1
middle,/ˈmɪdəl/,中间；中部,"n., adj.",A1
might,/maɪt/,可能；也许,modal v.,A1
mind,/maɪnd/,头脑；介意,"n., v.",A1
mirror,/ˈmɪrər/,镜子,n.,A1
missing,/ˈmɪsɪŋ/,丢失的；缺少的,adj.,A1
monkey,/ˈmʌŋki/,猴子,n.,A1
moon,/muːn/,月亮,n.,A1
mostly,/ˈmoʊstli/,主要地；大部分,adv.,A1
motorcycle,/ˈmoʊtərsaɪkəl/,摩托车,n.,A1
movement,/ˈmuːvmənt/,运动；移动,n.,A1
musician,/mjuˈzɪʃən/,音乐家,n.,A1
myself,/maɪˈself/,我自己,pron.,A1
nature,/ˈneɪtʃər/,自然；本性,n.,A1
nearly,/ˈnɪrli/,几乎；差不多,adv.,A1
necessary,/ˈnesəseri/,必要的,adj.,A1
neck,/nek/,脖子,n.,A1
nervous,/ˈnɝːvəs/,紧张的,adj.,A1
network,/ˈnetwɝːk/,网络,n.,A1
noise,/nɔɪz/,噪音,n.,A1
hit,/hɪt/,击中；打,"v., n.",A1
hockey,/ˈhɑːki/,曲棍球,n.,A1
hole,/hoʊl/,洞,n.,A1
holiday,/ˈhɑːlədeɪ/,假期,n.,A1
home,/hoʊm/,家；家庭,adj.,A1
hope,/hoʊp/,希望,n.,A1
huge,/hjuːdʒ/,巨大的,adj.,A1
human,/ˈhjuːmən/,人类；人的,"adj., n.",A1
identify,/aɪˈdentəfaɪ/,识别；确定,v.,A1
ill,/ɪl/,生病的,adj.,A1
illness,/ˈɪlnəs/,疾病,n.,A1
image,/ˈɪmɪdʒ/,图像；形象,n.,A1
immediately,/ɪˈmiːdiətli/,立即,adv.,A1
impossible,/ɪmˈpɑːsəbəl/,不可能的,adj.,A1
included,/ɪnˈkluːdɪd/,包括在内的,adj.,A1
including,/ɪnˈkluːdɪŋ/,包括,prep.,A1
increase,/ɪnˈkriːs/,增加；提高,"v., n.",A1
incredible,/ɪnˈkredəbəl/,难以置信的,adj.,A1
independent,/ˌɪndɪˈpendənt/,独立的,adj.,A1
individual,/ˌɪndəˈvɪdʒuəl/,个人；个别的,"n., adj.",A1
industry,/ˈɪndəstri/,工业；行业,n.,A1
informal,/ɪnˈfɔːrməl/,非正式的,adj.,A1
injury,/ˈɪndʒəri/,受伤；伤害,n.,A1
insect,/ˈɪnsekt/,昆虫,n.,A1
inside,/ɪnˈsaɪd/,里面；在里面,"prep., adv., n., adj.",A1
instead,/ɪnˈsted/,代替；反而,adv.,A1
instruction,/ɪnˈstrʌkʃən/,说明；指示,n.,A1
instructor,/ɪnˈstrʌktər/,指导老师；教员,n.,A1
instrument,/ˈɪnstrəmənt/,乐器；仪器,n.,A1
intelligent,/ɪnˈtelədʒənt/,聪明的,adj.,A1
international,/ˌɪntərˈnæʃənəl/,国际的,adj.,A1
introduction,/ˌɪntrəˈdʌkʃən/,介绍,n.,A1
invent,/ɪnˈvent/,发明,v.,A1
invention,/ɪnˈvenʃən/,发明,n.,A1
invitation,/ˌɪnvəˈteɪʃən/,邀请,n.,A1
invite,/ɪnˈvaɪt/,邀请,v.,A1
involve,/ɪnˈvɑːlv/,涉及；包含,v.,A1
item,/ˈaɪtəm/,项目；物品,n.,A1
itself,/ɪtˈself/,它自己,pron.,A1
jam,/dʒæm/,果酱；堵塞,n.,A1
jazz,/dʒæz/,爵士乐,n.,A1
jewelry,/ˈdʒuːəlri/,珠宝,n.,A1
joke,/dʒoʊk/,笑话；开玩笑,"n., v.",A1
journalist,/ˈdʒɝːnəlɪst/,记者,n.,A1
jump,/dʒʌmp/,跳；跳跃,"v., n.",A1
kid,/kɪd/,孩子,n.,A1
kill,/kɪl/,杀死,v.,A1
kilometer,/kɪˈlɑːmətər/,千米；公里,n.,A1
king,/kɪŋ/,国王,n.,A1
knee,/niː/,膝盖,n.,A1
knife,/naɪf/,刀,n.,A1
knowledge,/ˈnɑːlɪdʒ/,知识,n.,A1
lab,/læb/,实验室,n.,A1
lady,/ˈleɪdi/,女士,n.,A1
lake,/leɪk/,湖,n.,A1
lamp,/læmp/,灯；台灯,n.,A1
land,/lænd/,土地；陆地；着陆,v.,A1
laptop,/ˈlæptɑːp/,笔记本电脑,n.,A1
last1,/læst/,最后的；持续,"(final) adv., n.",A1
later,/ˈleɪtər/,后来；稍后,adj.,A1
laughter,/ˈlæftər/,笑声,n.,A1
law,/lɔː/,法律,n.,A1
lawyer,/ˈlɔɪər/,律师,n.,A1
lazy,/ˈleɪzi/,懒惰的,adj.,A1
film,/fɪlm/,电影；胶片,"n., v.",A1
final,/ˈfaɪnəl/,最后的；决赛,n.,A1
finally,/ˈfaɪnəli/,最后；终于,adv.,A1
finger,/ˈfɪŋɡər/,手指,n.,A1
finish,/ˈfɪnɪʃ/,完成；结束,n.,A1
fire,/faɪər/,火；火灾,v.,A1
first,/fɝːst/,第一；首先,n.,A1
fish,/fɪʃ/,鱼；钓鱼,v.,A1
fishing,/ˈfɪʃɪŋ/,钓鱼,n.,A1
fit,/fɪt/,适合；健康的,"v., adj.",A1
flat,/flæt/,平的；公寓,adj.,A1
flu,/fluː/,流感,n.,A1
fly,/flaɪ/,飞；苍蝇,n.,A1
flying,/ˈflaɪɪŋ/,飞行；飞行的,"n., adj.",A1
focus,/ˈfoʊkəs/,焦点；集中注意力,"v., n.",A1
foreign,/ˈfɔːrən/,外国的,adj.,A1
forest,/ˈfɔːrəst/,森林,n.,A1
fork,/fɔːrk/,叉子,n.,A1
formal,/ˈfɔːrməl/,正式的,adj.,A1
fortunately,/ˈfɔːrtʃənətli/,幸运地,adv.,A1
fresh,/freʃ/,新鲜的,adj.,A1
frog,/frɑːɡ/,青蛙,n.,A1
fun,/fʌn/,乐趣,adj.,A1
furniture,/ˈfɝːnɪtʃər/,家具,n.,A1
future,/ˈfjuːtʃər/,未来,adj.,A1
gallery,/ˈɡæləri/,画廊,n.,A1
gap,/ɡæp/,缺口；间隔,n.,A1
garbage,/ˈɡɑːrbɪdʒ/,垃圾,n.,A1
gas,/ɡæs/,气体；汽油,n.,A1
gate,/ɡeɪt/,大门,n.,A1
general,/ˈdʒenərəl/,一般的；总体的,adj.,A1
gift,/ɡɪft/,礼物,n.,A1
goal,/ɡoʊl/,目标,n.,A1
god,/ɡɑːd/,上帝,n.,A1
gold,/ɡoʊld/,黄金；金色,"n., adj.",A1
golf,/ɡɑːlf/,高尔夫球,n.,A1
good,/ɡʊd/,好的,n.,A1
government,/ˈɡʌvərnmənt/,政府,n.,A1
grass,/ɡræs/,草,n.,A1
greet,/ɡriːt/,问候；迎接,v.,A1
grocery,/ˈɡroʊsəri/,食品杂货,n.,A1
ground,/ɡraʊnd/,地面,n.,A1
guest,/ɡest/,客人,n.,A1
guide,/ɡaɪd/,指南；导游；指导,"n., v.",A1
gun,/ɡʌn/,枪,n.,A1
guy,/ɡaɪ/,男人；家伙,n.,A1
habit,/ˈhæbɪt/,习惯,n.,A1
half,/hæf/,一半,adv.,A1
hall,/hɔːl/,大厅；礼堂,n.,A1
happily,/ˈhæpəli/,快乐地,adv.,A1
have,/hæv/,有；拥有,auxiliary v.,A1
headache,/ˈhedeɪk/,头痛,n.,A1
heart,/hɑːrt/,心脏；心,n.,A1
heat,/hiːt/,热；加热,"n., v.",A1
heavy,/ˈhevi/,重的,adj.,A1
height,/haɪt/,高度,n.,A1
helpful,/ˈhelpfəl/,有帮助的,adj.,A1
hero,/ˈhɪroʊ/,英雄,n.,A1
hers,/hɝːz/,她的,pron.,A1
herself,/hɝːˈself/,她自己,pron.,A1
hide,/haɪd/,隐藏,v.,A1
hill,/hɪl/,小山,n.,A1
himself,/hɪmˈself/,他自己,pron.,A1
his,/hɪz/,他的,pron.,A1
downtown,/ˈdaʊntaʊn/,市中心,"adv., n., adj.",A1
drama,/ˈdrɑːmə/,戏剧；戏剧性事件,n.,A1
drawing,/ˈdrɔːɪŋ/,绘画；图画,n.,A1
dream,/driːm/,梦想；梦,"n., v.",A1
drive,/draɪv/,驾驶；开车,n.,A1
driving,/ˈdraɪvɪŋ/,驾驶,n.,A1
drug,/drʌɡ/,药物；毒品,n.,A1
dry,/draɪ/,干的；使变干,"adj., v.",A1
earn,/ɝːn/,赚得；挣得,v.,A1
earth,/ɝːθ/,地球；土地,n.,A1
easily,/ˈiːzəli/,容易地,adv.,A1
education,/ˌedʒəˈkeɪʃən/,教育,n.,A1
effect,/ɪˈfekt/,影响；效果,n.,A1
either,/ˈiːðər/,（两者中）任一；也,"det./pron., adv.",A1
electric,/ɪˈlektrɪk/,电的；电动的,adj.,A1
electrical,/ɪˈlektrɪkəl/,电的；与电有关的,adj.,A1
electricity,/ɪˌlekˈtrɪsəti/,电；电力,n.,A1
electronic,/ɪˌlekˈtrɑːnɪk/,电子的,adj.,A1
elevator,/ˈeləveɪtər/,电梯,n.,A1
employ,/ɪmˈplɔɪ/,雇用,v.,A1
employee,/ɪmˈplɔɪiː/,雇员,n.,A1
employer,/ɪmˈplɔɪər/,雇主,n.,A1
ending,/ˈendɪŋ/,结尾；结束,n.,A1
energy,/ˈenərdʒi/,能量；精力,n.,A1
engine,/ˈendʒɪn/,发动机,n.,A1
engineer,/ˌendʒəˈnɪr/,工程师,n.,A1
enormous,/ɪˈnɔːrməs/,巨大的,adj.,A1
enter,/ˈentər/,进入,v.,A1
environment,/ɪnˈvaɪrənmənt/,环境,n.,A1
equipment,/ɪˈkwɪpmənt/,设备,n.,A1
error,/ˈerər/,错误,n.,A1
especially,/ɪˈspeʃəli/,尤其；特别,adv.,A1
essay,/ˈeseɪ/,文章；短文,n.,A1
everyday,/ˈevrideɪ/,日常的,adj.,A1
everywhere,/ˈevriwer/,到处,adv.,A1
evidence,/ˈevɪdəns/,证据,n.,A1
exact,/ɪɡˈzækt/,准确的；确切的,adj.,A1
exactly,/ɪɡˈzæktli/,确切地；正是,adv.,A1
excellent,/ˈeksələnt/,优秀的；极好的,adj.,A1
exist,/ɪɡˈzɪst/,存在,v.,A1
expect,/ɪkˈspekt/,期待；预计,v.,A1
expert,/ˈekspɝːt/,专家；专业的,"n.,adj.",A1
explanation,/ˌekspləˈneɪʃən/,解释,n.,A1
express,/ɪkˈspres/,表达；快车,v.,A1
expression,/ɪkˈspreʃən/,表达；表情,n.,A1
extremely,/ɪkˈstriːmli/,极其；非常,adv.,A1
factor,/ˈfæktər/,因素,n.,A1
factory,/ˈfæktəri/,工厂,n.,A1
fail,/feɪl/,失败；未能,v.,A1
fair,/fer/,公平的；合理的,adj.,A1
fan,/fæn/,风扇；粉丝,n.,A1
farm,/fɑːrm/,农场,v.,A1
farming,/ˈfɑːrmɪŋ/,农业；务农,n.,A1
fashion,/ˈfæʃən/,时尚,n.,A1
fat,/fæt/,胖的；脂肪,n.,A1
female,/ˈfiːmeɪl/,女性；女性的,"adj., n.",A1
fever,/ˈfiːvər/,发烧,n.,A1
fiction,/ˈfɪkʃən/,小说；虚构作品,n.,A1
field,/fiːld/,领域；田地,n.,A1
fight,/faɪt/,打架；战斗,"v., n.",A1
completely,/kəmˈpliːtli/,完全地,adv.,A1
condition,/kənˈdɪʃən/,情况；条件；状态,n.,A1
conference,/ˈkɑːnfərəns/,会议,n.,A1
connect,/kəˈnekt/,连接,v.,A1
connected,/kəˈnektɪd/,连接的,adj.,A1
consider,/kənˈsɪdər/,考虑,v.,A1
contain,/kənˈteɪn/,包含,v.,A1
context,/ˈkɑːntekst/,上下文；背景,n.,A1
continent,/ˈkɑːntənənt/,大陆；洲,n.,A1
continue,/kənˈtɪnjuː/,继续,v.,A1
control,/kənˈtroʊl/,控制,"n., v.",A1
cook,/kʊk/,烹饪；厨师,n.,A1
cookie,/ˈkʊki/,饼干,n.,A1
copy,/ˈkɑːpi/,复制；副本,"n., v.",A1
corner,/ˈkɔːrnər/,角落,n.,A1
correctly,/kəˈrektli/,正确地,adv.,A1
couple,/ˈkʌpəl/,一对；夫妻,n.,A1
crazy,/ˈkreɪzi/,疯狂的,adj.,A1
creative,/kriˈeɪtɪv/,有创造力的,adj.,A1
crime,/kraɪm/,犯罪；罪行,n.,A1
cross,/krɔːs/,穿过；十字架,"v., n.",A1
crowd,/kraʊd/,人群,n.,A1
crowded,/ˈkraʊdɪd/,拥挤的,adj.,A1
curly,/ˈkɝːli/,卷曲的,adj.,A1
cycle,/ˈsaɪkəl/,循环；自行车,"n., v.",A1
danger,/ˈdeɪndʒər/,危险,n.,A1
dark,/dɑːrk/,黑暗的；深色的,n.,A1
data,/ˈdeɪtə/,数据,n.,A1
dead,/ded/,死的,adj.,A1
death,/deθ/,死亡,n.,A1
decision,/dɪˈsɪʒən/,决定,n.,A1
definitely,/ˈdefənətli/,肯定地；绝对,adv.,A1
degree,/dɪˈɡriː/,程度；学位；度数,n.,A1
dentist,/ˈdentɪst/,牙医,n.,A1
department,/dɪˈpɑːrtmənt/,部门,n.,A1
depend,/dɪˈpend/,依靠；取决于,v.,A1
designer,/dɪˈzaɪnər/,设计师,n.,A1
dessert,/dɪˈzɝːt/,甜点,n.,A1
destroy,/dɪˈstrɔɪ/,摧毁,v.,A1
detective,/dɪˈtektɪv/,侦探,n.,A1
develop,/dɪˈveləp/,发展；开发,v.,A1
device,/dɪˈvaɪs/,设备；装置,n.,A1
diary,/ˈdaɪəri/,日记,n.,A1
differently,/ˈdɪfrəntli/,不同地,adv.,A1
digital,/ˈdɪdʒɪtəl/,数字的,adj.,A1
direction,/dəˈrekʃən/,方向；指示,n.,A1
director,/dəˈrektər/,导演；负责人,n.,A1
disagree,/ˌdɪsəˈɡriː/,不同意,v.,A1
disappear,/ˌdɪsəˈpɪr/,消失,v.,A1
disaster,/dɪˈzæstər/,灾难,n.,A1
discover,/dɪˈskʌvər/,发现,v.,A1
discovery,/dɪˈskʌvəri/,发现,n.,A1
discussion,/dɪˈskʌʃən/,讨论,n.,A1
disease,/dɪˈziːz/,疾病,n.,A1
distance,/ˈdɪstəns/,距离,n.,A1
divorced,/dɪˈvɔːrst/,离婚的,adj.,A1
download,/ˈdaʊnloʊd/,下载,"v., n.",A1
downstairs,/ˌdaʊnˈsterz/,楼下；在楼下,adj.,A1
book,/bʊk/,书；预订,v.,A1
borrow,/ˈbɑːroʊ/,借入,v.,A1
boss,/bɔːs/,老板,n.,A1
bottom,/ˈbɑːtəm/,底部,"n., adj.",A1
bowl,/boʊl/,碗,n.,A1
brain,/breɪn/,大脑,n.,A1
bridge,/brɪdʒ/,桥,n.,A1
bright,/braɪt/,明亮的；聪明的,adj.,A1
brilliant,/ˈbrɪljənt/,聪明的；杰出的,adj.,A1
broken,/ˈbroʊkən/,破碎的；坏掉的,adj.,A1
brush,/brʌʃ/,刷子；刷,"v., n.",A1
businessman,/ˈbɪznəsmæn/,商人,n.,A1
button,/ˈbʌtən/,按钮,n.,A1
camp,/kæmp/,营地；露营,"n., v.",A1
camping,/ˈkæmpɪŋ/,露营,n.,A1
campus,/ˈkæmpəs/,校园,n.,A1
can2,/kən/,罐头,n.,A1
candy,/ˈkændi/,糖果,n.,A1
care,/ker/,关心；照顾,"n., v.",A1
careful,/ˈkerfəl/,小心的,adj.,A1
carefully,/ˈkerfəli/,仔细地,adv.,A1
carpet,/ˈkɑːrpət/,地毯,n.,A1
cartoon,/kɑːrˈtuːn/,动画片；漫画,n.,A1
case,/keɪs/,情况；案例；箱子,n.,A1
cash,/kæʃ/,现金,n.,A1
cause,/kɔːz/,原因；导致,"n., v.",A1
celebrate,/ˈseləbreɪt/,庆祝,v.,A1
celebrity,/səˈlebrəti/,名人,n.,A1
cell,/sel/,细胞；小隔间,n.,A1
century,/ˈsentʃəri/,世纪,n.,A1
certain,/ˈsɝːtən/,确定的；某个,adj.,A1
certainly,/ˈsɝːtənli/,当然；肯定,adv.,A1
chance,/tʃæns/,机会；可能性,n.,A1
character,/ˈkerəktər/,角色；性格,n.,A1
charity,/ˈtʃerəti/,慈善；慈善机构,n.,A1
chat,/tʃæt/,聊天,"v., n.",A1
check,/tʃek/,检查；核对,n.,A1
chef,/ʃef/,厨师,n.,A1
chemistry,/ˈkeməstri/,化学,n.,A1
chip,/tʃɪp/,薯片；芯片,n.,A1
choice,/tʃɔɪs/,选择,n.,A1
church,/tʃɝːtʃ/,教堂,n.,A1
cigarette,/ˌsɪɡəˈret/,香烟,n.,A1
circle,/ˈsɝːkəl/,圆；圈,"n., v.",A1
classical,/ˈklæsɪkəl/,古典的,adj.,A1
clearly,/ˈklɪrli/,清楚地；显然,adv.,A1
clerk,/klɝːk/,职员；店员,n.,A1
climate,/ˈklaɪmət/,气候,n.,A1
closed,/kloʊzd/,关闭的,adj.,A1
closet,/ˈklɑːzət/,壁橱；衣柜,n.,A1
clothing,/ˈkloʊðɪŋ/,衣服；服装,n.,A1
cloud,/klaʊd/,云,n.,A1
coast,/koʊst/,海岸,n.,A1
code,/koʊd/,代码；密码,n.,A1
colleague,/ˈkɑːliːɡ/,同事,n.,A1
collect,/kəˈlekt/,收集,v.,A1
column,/ˈkɑːləm/,列；专栏,n.,A1
comedy,/ˈkɑːmədi/,喜剧,n.,A1
comfortable,/ˈkʌmftərbəl/,舒服的；舒适的,adj.,A1
communicate,/kəˈmjuːnəkeɪt/,交流；沟通,v.,A1
community,/kəˈmjuːnəti/,社区,n.,A1
compete,/kəmˈpiːt/,竞争,v.,A1
competition,/ˌkɑːmpəˈtɪʃən/,比赛；竞争,n.,A1
complain,/kəmˈpleɪn/,抱怨,v.,A1
almost,/ˈɔːlmoʊst/,几乎,adv.,A1
alone,/əˈloʊn/,独自的；单独地,adj./adv.,A1
along,/əˈlɔːŋ/,沿着,"prep., adv.",A1
already,/ɔːlˈredi/,已经,adv.,A1
although,/ɔːlˈðoʊ/,虽然,conj.,A1
among,/əˈmʌŋ/,在……之中,prep.,A1
analyze,/ˈænəlaɪz/,分析,v.,A1
ancient,/ˈeɪnʃənt/,古代的；古老的,adj.,A1
ankle,/ˈæŋkəl/,脚踝,n.,A1
any,/ˈeni/,任何的；任何一个,adv.,A1
anybody,/ˈenibɑːdi/,任何人,pron.,A1
anymore,/ˌeniˈmɔːr/,再；再也,adv.,A1
anyway,/ˈeniweɪ/,无论如何,adv.,A1
anywhere,/ˈeniwer/,任何地方,"adv., pron.",A1
app,/æp/,应用程序,n.,A1
appear,/əˈpɪr/,出现；似乎,v.,A1
appearance,/əˈpɪrəns/,外貌；出现,n.,A1
apply,/əˈplaɪ/,申请；应用,v.,A1
architect,/ˈɑːrkətekt/,建筑师,n.,A1
architecture,/ˈɑːrkətektʃər/,建筑学；建筑,n.,A1
argue,/ˈɑːrɡjuː/,争论；争辩,v.,A1
argument,/ˈɑːrɡjəmənt/,争论；论点,n.,A1
army,/ˈɑrmi/,军队,n.,A1
arrange,/əˈreɪndʒ/,安排,v.,A1
arrangement,/əˈreɪndʒmənt/,安排,n.,A1
as,/æz/,像；作为；当……时,"adv., conj.",A1
asleep,/əˈslip/,睡着的,adj.,A1
assistant,/əˈsɪstənt/,助手；助理,"n., adj.",A1
athlete,/ˈæθlit/,运动员,n.,A1
attack,/əˈtæk/,攻击,"n., v.",A1
attend,/əˈtɛnd/,参加；出席,v.,A1
attention,/əˈtɛnʃən/,注意；关注,"n., exclam.",A1
attractive,/əˈtræktɪv/,有吸引力的,adj.,A1
audience,/ˈɔdiəns/,观众；听众,n.,A1
author,/ˈɔθər/,作者,n.,A1
available,/əˈveɪləbəl/,可用的；有空的,adj.,A1
avoid,/əˈvɔɪd/,避免,v.,A1
awful,/ˈɔfəl/,糟糕的；可怕的,adj.,A1
background,/ˈbækɡraʊnd/,背景,n.,A1
badly,/ˈbædli/,糟糕地；严重地,adv.,A1
based,/beɪst/,基于……的,adj.,A1
bean,/bin/,豆；豆类,n.,A1
beef,/bif/,牛肉,n.,A1
before,/bɪˈfɔr/,在……以前,"conj., adv.",A1
behave,/bɪˈheɪv/,表现；举止,v.,A1
behavior,/bɪˈheɪvjər/,行为,n.,A1
belong,/bɪˈlɔŋ/,属于,v.,A1
belt,/bɛlt/,腰带；传送带,n.,A1
best,/bɛst/,最好的,"adv., n.",A1
between,/bɪˈtwin/,在……之间,adv.,A1
billion,/ˈbɪljən/,十亿,number,A1
biology,/baɪˈɑlədʒi/,生物学,n.,A1
birth,/bɝθ/,出生,n.,A1
bit,/bɪt/,一点；小块,n.,A1
blank,/blæŋk/,空白的；空白处,"adj., n.",A1
blood,/blʌd/,血液,n.,A1
blow,/bloʊ/,吹；吹气,v.,A1
boil,/bɔɪl/,煮沸,v.,A1
bone,/boʊn/,骨头,n.,A1
Wednesday,/ˈwɛnzdeɪ/,星期三,n.,A1
week,/wik/,星期；一周,n.,A1
weekend,/ˈwikɛnd/,周末,n.,A1
well,/wɛl/,好地；健康的,"adv., adj., exclam.",A1
west,/wɛst/,西方；西部,"n., adj., adv.",A1
what,/wʌt/,什么；……的事物,pron./det.,A1
when,/wɛn/,什么时候；当……时,"adv., pron., conj.",A1
where,/wɛr/,哪里；……的地方,"adv., conj.",A1
which,/wɪtʃ/,哪一个；哪个,pron./det.,A1
white,/waɪt/,白色的；白色,"adj., n.",A1
who,/hu/,谁,pron.,A1
why,/waɪ/,为什么,adv.,A1
wife,/waɪf/,妻子,n.,A1
window,/ˈwɪndoʊ/,窗户,n.,A1
wine,/waɪn/,葡萄酒,n.,A1
winter,/ˈwɪntər/,冬天,n.,A1
with,/wɪð/,和；具有；用,prep.,A1
without,/wɪˈðaʊt/,没有；不带,prep.,A1
woman,/ˈwʊmən/,女人,n.,A1
wonderful,/ˈwʌndərfəl/,精彩的；极好的,adj.,A1
word,/wɝd/,单词；话,n.,A1
work,/wɝk/,工作；起作用,"v., n.",A1
worker,/ˈwɝkər/,工人,n.,A1
world,/wɝld/,世界,n.,A1
would,/wʊd/,将会；愿意,modal v.,A1
write,/raɪt/,写,v.,A1
writer,/ˈraɪtər/,作家,n.,A1
writing,/ˈraɪtɪŋ/,写作；文字,n.,A1
yard,/jɑrd/,院子；码,n.,A1
yeah,/jæ/,是的；对,exclam.,A1
year,/jɪr/,年,n.,A1
yellow,/ˈjɛloʊ/,黄色的,"adj., n.",A1
yes,/jɛs/,是；好的,exclam.,A1
yesterday,/ˈjɛstərdeɪ/,昨天,"adv., n.",A1
you,/ju/,你；你们,pron.,A1
your,/jʊr/,你的；你们的,det.,A1
yourself,/jərˈsɛlf/,你自己；你们自己,pron.,A1
ability,/əˈbɪləti/,能力,n.,A2
able,/ˈeɪbəl/,能够的,adj.,A2
accept,/əkˈsɛpt/,接受,v.,A2
accident,/ˈæksədənt/,事故；意外,n.,A2
according,/əˈkɔrdɪŋ/,根据,to prep.,A2
achieve,/əˈtʃiv/,实现；取得,v.,A2
active,/ˈæktɪv/,积极的；活跃的,adj.,A2
actually,/ˈæktʃuəli/,实际上,adv.,A2
adult,/əˈdʌlt/,成年人；成年的,adj.,A2
advantage,/ədˈvæntɪdʒ/,优势；好处,n.,A2
adventure,/ədˈvɛntʃər/,冒险；冒险经历,n.,A2
advertise,/ˈædvərtaɪz/,做广告；宣传,v.,A2
advertisement,/ˌædvərˈtaɪzmənt/,广告,n.,A2
advertising,/ˈædvərtaɪzɪŋ/,广告业；广告,n.,A2
affect,/əˈfɛkt/,影响,v.,A2
after,/ˈæftər/,在……之后,"conj., adv.",A2
against,/əˈɡɛnst/,反对；靠着,prep.,A2
ah,/ɑ/,啊,exclam.,A2
airline,/ˈɛrlaɪn/,航空公司,n.,A2
alive,/əˈlaɪv/,活着的,adj.,A2
all,/ɔl/,全部；所有,adv.,A2
allow,/əˈlaʊ/,允许,v.,A2
thousand,/ˈθaʊzənd/,一千,number,A2
three,/θri/,三,number,A2
through,/θru/,通过；穿过,"prep., adv.",A2
Thursday,/ˈθɝzdeɪ/,星期四,n.,A2
ticket,/ˈtɪkət/,票；罚单,n.,A2
tired,/taɪrd/,疲倦的,adj.,A2
to,/tu/,到；向；对于,"prep., infinitive marker",A2
today,/təˈdeɪ/,今天,"adv., n.",A2
together,/təˈɡɛðər/,一起,adv.,A2
toilet,/ˈtɔɪlət/,厕所,n.,A2
tomato,/təˈmeɪtoʊ/,西红柿,n.,A2
tomorrow,/təˈmɑroʊ/,明天,"adv., n.",A2
tonight,/təˈnaɪt/,今晚,"adv., n.",A2
too,/tu/,也；太,adv.,A2
tooth,/tuθ/,牙齿,n.,A2
topic,/ˈtɑpɪk/,话题；主题,n.,A2
tourist,/ˈtʊrɪst/,游客,n.,A2
town,/taʊn/,城镇,n.,A2
traffic,/ˈtræfɪk/,交通,n.,A2
travel,/ˈtrævəl/,旅行；旅游,"v., n.",A2
tree,/tri/,树,n.,A2
truck,/trʌk/,卡车,n.,A2
TRUE,/tru/,真的；正确的,adj.,A2
T-shirt,/ˈtiˌʃɝt/,T恤衫,n.,A2
Tuesday,/ˈtuzdeɪ/,星期二,n.,A2
turn,/tɝn/,转动；转弯；轮到,"v., n.",A2
TV,/ˌtiˈvi/,电视,n.,A2
twelve,/twɛlv/,十二,number,A2
twenty,/ˈtwɛnti/,二十,number,A2
twice,/twaɪs/,两次；两倍,adv.,A2
two,/tu/,二,number,A2
umbrella,/ʌmˈbrɛlə/,雨伞,n.,A2
uncle,/ˈʌŋkəl/,叔叔；舅舅,n.,A2
under,/ˈʌndər/,在……下面,"prep., adv.",A2
understand,/ˌʌndərˈstænd/,理解,v.,A2
university,/ˌjunəˈvɝsəti/,大学,n.,A2
until,/ənˈtɪl/,直到,conj./prep.,A2
up,/ʌp/,向上；在上面,"adv., prep.",A2
us,/ʌs/,我们,pron.,A2
useful,/ˈjusfəl/,有用的,adj.,A2
usually,/ˈjuʒuəli/,通常,adv.,A2
vacation,/veɪˈkeɪʃən/,假期,n.,A2
vegetable,/ˈvɛdʒtəbəl/,蔬菜,n.,A2
video,/ˈvɪdioʊ/,视频,n.,A2
visit,/ˈvɪzɪt/,参观；拜访,"v., n.",A2
visitor,/ˈvɪzɪtər/,访客；游客,n.,A2
waiter,/ˈweɪtər/,服务员,n.,A2
wake,/weɪk/,醒来；叫醒,v.,A2
walk,/wɔk/,走路；散步,"v., n.",A2
wall,/wɔl/,墙,n.,A2
want,/wɑnt/,想要,v.,A2
watch,/wɑtʃ/,观看；手表,"v., n.",A2
we,/wi/,我们,pron.,A2
wear,/wɛr/,穿；戴,v.,A2
weather,/ˈwɛðər/,天气,n.,A2
website,/ˈwɛbsaɪt/,网站,n.,A2
space,/speɪs/,空间；太空,n.,A2
speak,/spik/,说；讲,v.,A2
special,/ˈspɛʃəl/,特殊的,adj.,A2
spell,/spɛl/,拼写,v.,A2
spelling,/ˈspɛlɪŋ/,拼写,n.,A2
spend,/spɛnd/,花费；度过,v.,A2
sport,/spɔrt/,运动；体育,n.,A2
statement,/ˈsteɪtmənt/,陈述；声明,n.,A2
station,/ˈsteɪʃən/,车站,n.,A2
stop,/stɑp/,停止；车站,"v., n.",A2
story,/ˈstɔri/,故事,n.,A2
street,/strit/,街道,n.,A2
strong,/strɔŋ/,强壮的；强烈的,adj.,A2
student,/ˈstudənt/,学生,n.,A2
study,/ˈstʌdi/,学习；研究,"n., v.",A2
style,/staɪl/,风格,n.,A2
success,/səkˈsɛs/,成功,n.,A2
sugar,/ˈʃʊɡər/,糖,n.,A2
summer,/ˈsʌmər/,夏天,n.,A2
sun,/sʌn/,太阳,n.,A2
Sunday,/ˈsʌndeɪ/,星期日,n.,A2
supermarket,/ˈsupərˌmɑrkət/,超市,n.,A2
sweater,/ˈswɛtər/,毛衣,n.,A2
swimming,/ˈswɪmɪŋ/,游泳,n.,A2
table,/ˈteɪbəl/,桌子；表格,n.,A2
take,/teɪk/,拿；带；花费,v.,A2
tall,/tɔl/,高的,adj.,A2
taxi,/ˈtæksi/,出租车,n.,A2
tea,/ti/,茶,n.,A2
teach,/titʃ/,教,v.,A2
teacher,/ˈtitʃər/,老师,n.,A2
team,/tim/,团队,n.,A2
teenager,/ˈtinˌeɪdʒər/,青少年,n.,A2
telephone,/ˈtɛləfoʊn/,电话,"n., v.",A2
television,/ˈtɛləˌvɪʒən/,电视,n.,A2
tell,/tɛl/,告诉,v.,A2
ten,/tɛn/,十,number,A2
tennis,/ˈtɛnɪs/,网球,n.,A2
terrible,/ˈtɛrəbəl/,糟糕的；可怕的,adj.,A2
test,/tɛst/,测试；考试,"n., v.",A2
than,/ðæn/,比,conj.,A2
thank,/θæŋk/,感谢,v.,A2
thanks,/θæŋks/,谢谢,"exclam., n.",A2
the,/ðə/,这个；那个,definite article,A2
theater,/ˈθiətər/,剧院；电影院,n.,A2
their,/ðɛr/,他们的；她们的,det.,A2
them,/ðɛm/,他们；她们,pron.,A2
then,/ðɛn/,然后；那时,adv.,A2
there,/ðɛr/,那里；在那里,adv.,A2
they,/ðeɪ/,他们；她们,pron.,A2
thing,/θɪŋ/,事情；东西,n.,A2
think,/θɪŋk/,认为；思考,v.,A2
thirsty,/ˈθɝsti/,口渴的,adj.,A2
thirteen,/ˌθɝˈtin/,十三,number,A2
thirty,/ˈθɝti/,三十,number,A2
river,/ˈrɪvər/,河；河流,n.,A2
road,/roʊd/,道路,n.,A2
room,/rum/,房间,n.,A2
sad,/sæd/,悲伤的,adj.,A2
salad,/ˈsæləd/,沙拉,n.,A2
salt,/sɔlt/,盐,n.,A2
same,/seɪm/,相同的,"adj., pron., adv.",A2
sandwich,/ˈsænwɪtʃ/,三明治,n.,A2
Saturday,/ˈsætərdeɪ/,星期六,n.,A2
say,/seɪ/,说,v.,A2
school,/skul/,学校,n.,A2
science,/ˈsaɪəns/,科学,n.,A2
scientist,/ˈsaɪəntɪst/,科学家,n.,A2
det./number,/dɪˈtɝmɪnər/,限定词/数字,,A2
section,/ˈsɛkʃən/,部分；章节,n.,A2
see,/si/,看见；理解,v.,A2
sell,/sɛl/,卖,v.,A2
send,/sɛnd/,发送,v.,A2
September,/sɛpˈtɛmbər/,九月,n.,A2
seven,/ˈsɛvən/,七,number,A2
seventeen,/ˌsɛvənˈtin/,十七,number,A2
seventy,/ˈsɛvənti/,七十,number,A2
she,/ʃi/,她,pron.,A2
sheep,/ʃip/,羊,n.,A2
shirt,/ʃɝt/,衬衫,n.,A2
shoe,/ʃu/,鞋,n.,A2
shop,/ʃɑp/,商店；购物,"n., v.",A2
shopping,/ˈʃɑpɪŋ/,购物,n.,A2
short,/ʃɔrt/,短的；矮的,adj.,A2
should,/ʃʊd/,应该,modal v.,A2
show,/ʃoʊ/,展示；节目,"v., n.",A2
shower,/ˈʃaʊər/,淋浴；阵雨,n.,A2
sick,/sɪk/,生病的；恶心的,adj.,A2
similar,/ˈsɪmələr/,相似的,adj.,A2
sing,/sɪŋ/,唱歌,v.,A2
singer,/ˈsɪŋər/,歌手,n.,A2
sister,/ˈsɪstər/,姐妹,n.,A2
sit,/sɪt/,坐,v.,A2
situation,/ˌsɪtʃuˈeɪʃən/,情况；形势,n.,A2
six,/sɪks/,六,number,A2
sixteen,/ˌsɪksˈtin/,十六,number,A2
sixty,/ˈsɪksti/,六十,number,A2
skill,/skɪl/,技能,n.,A2
skirt,/skɝt/,裙子,n.,A2
small,/smɔl/,小的,adj.,A2
smart,/smɑrt/,聪明的；智能的,adj.,A2
snake,/sneɪk/,蛇,n.,A2
snow,/snoʊ/,雪；下雪,"n., v.",A2
so,/soʊ/,所以；如此,"adv., conj.",A2
some,/sʌm/,一些,"det., pron.",A2
somebody,/ˈsʌmbɑdi/,某人,pron.,A2
someone,/ˈsʌmwʌn/,某人,pron.,A2
something,/ˈsʌmθɪŋ/,某事；某物,pron.,A2
sometimes,/ˈsʌmtaɪmz/,有时,adv.,A2
son,/sʌn/,儿子,n.,A2
song,/sɔŋ/,歌曲,n.,A2
soon,/sun/,很快；不久,adv.,A2
sorry,/ˈsɑri/,抱歉的；遗憾的,"adj., exclam.",A2
sound,/saʊnd/,声音；听起来,"n., v.",A2
soup,/sup/,汤,n.,A2
south,/saʊθ/,南方；南部,"n., adj., adv.",A2
period,/ˈpɪriəd/,时期；句号,n.,A2
person,/ˈpɝsən/,人,n.,A2
personal,/ˈpɝsənəl/,个人的,adj.,A2
phone,/foʊn/,电话；手机,"n., v.",A2
photo,/ˈfoʊtoʊ/,照片,n.,A2
phrase,/freɪz/,短语,n.,A2
piano,/piˈænoʊ/,钢琴,n.,A2
piece,/pis/,一块；一件,n.,A2
pig,/pɪɡ/,猪,n.,A2
pink,/pɪŋk/,粉色；粉红色的,"adj., n.",A2
plan,/plæn/,计划,"n., v.",A2
plane,/pleɪn/,飞机；平面,n.,A2
play,/pleɪ/,玩；播放；戏剧,"v., n.",A2
player,/ˈpleɪər/,运动员；播放器,n.,A2
police,/pəˈlis/,警察,n.,A2
policeman,/pəˈlismən/,警察,n.,A2
pool,/pul/,游泳池；池塘,n.,A2
poor,/pʊr/,贫穷的；差的,adj.,A2
popular,/ˈpɑpjələr/,受欢迎的,adj.,A2
possible,/ˈpɑsəbəl/,可能的,adj.,A2
post,/poʊst/,帖子；邮寄,"n., v.",A2
potato,/pəˈteɪtoʊ/,土豆,n.,A2
pound,/paʊnd/,英镑；磅,n.,A2
practice,/ˈpræktɪs/,练习；实践,"n., v.",A2
prefer,/prɪˈfɝ/,更喜欢,v.,A2
prepare,/prɪˈpɛr/,准备,v.,A2
pretty,/ˈprɪti/,漂亮的；相当,"adj., adv.",A2
probably,/ˈprɑbəbli/,可能；大概,adv.,A2
problem,/ˈprɑbləm/,问题,n.,A2
product,/ˈprɑdəkt/,产品,n.,A2
purple,/ˈpɝpəl/,紫色；紫色的,"adj., n.",A2
put,/pʊt/,放；放置,v.,A2
quarter,/ˈkwɔrtər/,四分之一；一刻钟,n.,A2
quick,/kwɪk/,快的,adj.,A2
quickly,/ˈkwɪkli/,快速地,adv.,A2
quiet,/ˈkwaɪət/,安静的,adj.,A2
quite,/kwaɪt/,相当；非常,adv.,A2
radio,/ˈreɪdioʊ/,收音机；无线电,n.,A2
rain,/reɪn/,雨；下雨,"n., v.",A2
read,/rid/,读；阅读,v.,A2
reader,/ˈridər/,读者,n.,A2
reading,/ˈridɪŋ/,阅读,n.,A2
ready,/ˈrɛdi/,准备好的,adj.,A2
real,/ˈriəl/,真实的,adj.,A2
really,/ˈrɪəli/,真正地；非常,adv.,A2
reason,/ˈrizən/,原因；理由,n.,A2
red,/rɛd/,红色的,"adj., n.",A2
relax,/rɪˈlæks/,放松,v.,A2
remember,/rɪˈmɛmbər/,记得,v.,A2
restaurant,/ˈrɛstəˌrɑnt/,餐厅,n.,A2
return,/rɪˈtɝn/,返回；归还,"v., n.",A2
rice,/raɪs/,米饭；大米,n.,A2
rich,/rɪtʃ/,富有的；丰富的,adj.,A2
right,/raɪt/,正确的；右边,"adj., adv., n.",A2
news,/nuz/,新闻,n.,A2
newspaper,/ˈnuzˌpeɪpər/,报纸,n.,A2
nice,/naɪs/,好的；友好的,adj.,A2
night,/naɪt/,夜晚,n.,A2
nine,/naɪn/,九,number,A2
nineteen,/ˌnaɪnˈtin/,十九,number,A2
ninety,/ˈnaɪnti/,九十,number,A2
no,/noʊ/,不；没有,"exclam., det.",A2
nobody,/ˈnoʊbədi/,没有人,pron.,A2
north,/nɔrθ/,北方；北部,"n., adj., adv.",A2
nose,/noʊz/,鼻子,n.,A2
not,/nɑt/,不；没有,adv.,A2
nothing,/ˈnʌθɪŋ/,没有什么,pron.,A2
November,/noʊˈvɛmbər/,十一月,n.,A2
nurse,/nɝs/,护士,n.,A2
ocean,/ˈoʊʃən/,海洋,n.,A2
o’clock,/əˈklɑk/,……点钟,adv.,A2
October,/ɑkˈtoʊbər/,十月,n.,A2
of,/əv/,……的；属于,prep.,A2
off,/ɔf/,离开；关闭,"adv., prep.",A2
office,/ˈɔfɪs/,办公室,n.,A2
often,/ˈɔfən/,经常,adv.,A2
oh,/oʊ/,哦,exclam.,A2
OK,/ˌoʊˈkeɪ/,好的；可以,"exclam., adj./adv.",A2
old,/oʊld/,老的；旧的,adj.,A2
on,/ɑn/,在……上；开着,"prep., adv.",A2
one,/wʌn/,一；一个,"number/det., pron.",A2
onion,/ˈʌnjən/,洋葱,n.,A2
online,/ˌɑnˈlaɪn/,在线的,"adj., adv.",A2
only,/ˈoʊnli/,仅仅；唯一的,"adj., adv.",A2
open,/ˈoʊpən/,打开；开放的,"adj., v.",A2
opinion,/əˈpɪnjən/,意见；观点,n.,A2
opposite,/ˈɑpəzɪt/,相反的；对面的,"adj., n., prep., adv.",A2
or,/ɔr/,或者；还是,conj.,A2
orange,/ˈɔrɪndʒ/,橙子；橙色的,"n., adj.",A2
order,/ˈɔrdər/,订单；顺序；订购,"n., v.",A2
other,/ˈʌðər/,其他的,adj./pron.,A2
our,/ɑr/,我们的,det.,A2
out,/aʊt/,外面；出去,adv./prep.,A2
over,/ˈoʊvər/,在……上方；超过,"prep., adv.",A2
page,/peɪdʒ/,页；页面,n.,A2
paint,/peɪnt/,油漆；绘画,"v., n.",A2
painting,/ˈpeɪntɪŋ/,绘画；画作,n.,A2
pair,/pɛr/,一对；一双,n.,A2
pants,/pænts/,裤子,n.,A2
paper,/ˈpeɪpər/,纸；论文,n.,A2
paragraph,/ˈpærəˌɡræf/,段落,n.,A2
parent,/ˈpɛrənt/,父母；家长,n.,A2
park,/pɑrk/,公园；停车,"n., v.",A2
part,/pɑrt/,部分,n.,A2
partner,/ˈpɑrtnər/,伙伴；搭档,n.,A2
party,/ˈpɑrti/,聚会；政党,n.,A2
passport,/ˈpæspɔrt/,护照,n.,A2
pen,/pɛn/,钢笔,n.,A2
pencil,/ˈpɛnsəl/,铅笔,n.,A2
people,/ˈpipəl/,人们,n.,A2
pepper,/ˈpɛpər/,胡椒；辣椒,n.,A2
perfect,/ˈpɝfɪkt/,完美的,adj.,A2
live1,/lɪv/,居住；生活,v.,A2
long1,/lɔŋ/,长的；长期的,"adj., adv.",A2
lose,/luz/,失去；输掉,v.,A2
lot,/lɑt/,很多；一批,"pron., det., adv.",A2
love,/lʌv/,爱；喜欢,"n., v.",A2
lunch,/lʌntʃ/,午餐,n.,A2
machine,/məˈʃin/,机器,n.,A2
magazine,/ˌmæɡəˈzin/,杂志,n.,A2
main,/meɪn/,主要的,adj.,A2
mall,/mɔl/,购物中心,n.,A2
man,/mæn/,男人,n.,A2
many,/ˈmɛni/,许多,det./pron.,A2
March,/mɑrtʃ/,三月,n.,A2
married,/ˈmærid/,已婚的,adj.,A2
match,/mætʃ/,比赛；匹配,"(contest/correspond) n., v.",A2
May,/meɪ/,五月,n.,A2
maybe,/ˈmeɪbi/,也许,adv.,A2
me,/mi/,我,pron.,A2
meal,/mil/,一餐；饭,n.,A2
mean,/min/,意思是；意味着,v.,A2
meaning,/ˈminɪŋ/,意思；含义,n.,A2
meat,/mit/,肉,n.,A2
meet,/mit/,遇见；满足,v.,A2
meeting,/ˈmitɪŋ/,会议；会面,n.,A2
member,/ˈmɛmbər/,成员,n.,A2
menu,/ˈmɛnju/,菜单,n.,A2
message,/ˈmɛsɪdʒ/,消息,n.,A2
meter,/ˈmitər/,米；仪表,n.,A2
midnight,/ˈmɪdˌnaɪt/,午夜,n.,A2
mile,/maɪl/,英里,n.,A2
milk,/mɪlk/,牛奶,n.,A2
million,/ˈmɪljən/,百万,number,A2
minute1,/ˈmɪnət/,分钟,n.,A2
miss,/mɪs/,想念；错过；小姐,v.,A2
modern,/ˈmɑdərn/,现代的,adj.,A2
mom,/mɑm/,妈妈,n.,A2
moment,/ˈmoʊmənt/,时刻,n.,A2
Monday,/ˈmʌndeɪ/,星期一,n.,A2
money,/ˈmʌni/,钱,n.,A2
month,/mʌnθ/,月份,n.,A2
more,/mɔr/,更多的,"det./pron., adv.",A2
morning,/ˈmɔrnɪŋ/,早晨,n.,A2
most,/moʊst/,最多；大多数,"det./pron., adv.",A2
mother,/ˈmʌðər/,母亲,n.,A2
mountain,/ˈmaʊntən/,山,n.,A2
mouse,/maʊs/,老鼠；鼠标,n.,A2
mouth,/maʊθ/,嘴,n.,A2
movie,/ˈmuvi/,电影,n.,A2
much,/mʌtʃ/,许多；非常,"det./pron., adv.",A2
museum,/mjuˈziəm/,博物馆,n.,A2
music,/ˈmjuzɪk/,音乐,n.,A2
must,/mʌst/,必须；一定,modal v.,A2
my,/maɪ/,我的,det.,A2
name,/neɪm/,名字；命名,"n., v.",A2
natural,/ˈnætʃərəl/,自然的,adj.,A2
near,/nɪr/,附近的；接近,"prep., adj., adv.",A2
neighbor,/ˈneɪbər/,邻居,n.,A2
neighborhood,/ˈneɪbərˌhʊd/,社区；街区,n.,A2
never,/ˈnɛvər/,从不,adv.,A2
new,/nu/,新的,adj.,A2
hot,/hɑt/,热的,adj.,A2
hotel,/hoʊˈtɛl/,酒店,n.,A2
hour,/aʊər/,小时,n.,A2
how,/haʊ/,如何；怎样,adv.,A2
however,/haʊˈɛvər/,然而,adv.,A2
hundred,/ˈhʌndrəd/,一百,number,A2
hungry,/ˈhʌŋɡri/,饥饿的,adj.,A2
husband,/ˈhʌzbənd/,丈夫,n.,A2
I,/aɪ/,我,pron.,A2
ice,/aɪs/,冰,n.,A2
idea,/aɪˈdiə/,想法；主意,n.,A2
if,/ɪf/,如果,conj.,A2
imagine,/ɪˈmædʒɪn/,想象,v.,A2
important,/ɪmˈpɔrtənt/,重要的,adj.,A2
improve,/ɪmˈpruv/,改善；提高,v.,A2
in,/ɪn/,在……里面；在……期间,"prep., adv.",A2
include,/ɪnˈklud/,包括,v.,A2
information,/ˌɪnfərˈmeɪʃən/,信息,n.,A2
interest,/ˈɪntrəst/,兴趣；使感兴趣,"n., v.",A2
interested,/ˈɪntrəstɪd/,感兴趣的,adj.,A2
interesting,/ˈɪntrəstɪŋ/,有趣的,adj.,A2
internet,/ˈɪntərˌnɛt/,互联网,n.,A2
interview,/ˈɪntərˌvju/,采访；面试,"n., v.",A2
into,/ˈɪntu/,进入……里面,prep.,A2
introduce,/ˌɪntrəˈdus/,介绍,v.,A2
island,/ˈaɪlənd/,岛,n.,A2
it,/ɪt/,它,pron.,A2
its,/ɪts/,它的,det.,A2
jacket,/ˈdʒækət/,夹克；外套,n.,A2
January,/ˈdʒænjˌuɛri/,一月,n.,A2
jeans,/dʒinz/,牛仔裤,n.,A2
job,/dʒɑb/,工作,n.,A2
join,/dʒɔɪn/,加入,v.,A2
juice,/dʒus/,果汁,n.,A2
July,/dʒʊˈlaɪ/,七月,n.,A2
June,/dʒun/,六月,n.,A2
just,/dʒʌst/,刚刚；只是,adv.,A2
keep,/kip/,保持；保存,v.,A2
kitchen,/ˈkɪtʃən/,厨房,n.,A2
know,/noʊ/,知道；了解,v.,A2
language,/ˈlæŋɡwɪdʒ/,语言,n.,A2
large,/lɑrdʒ/,大的,adj.,A2
late,/leɪt/,迟的；晚的,"adj., adv.",A2
laugh,/læf/,笑,"v., n.",A2
learn,/lɝn/,学习,v.,A2
left,/lɛft/,左边的；剩下的,"adj., adv., n.",A2
leg,/lɛɡ/,腿,n.,A2
lesson,/ˈlɛsən/,课；教训,n.,A2
let,/lɛt/,让,v.,A2
letter,/ˈlɛtər/,字母；信,n.,A2
library,/ˈlaɪˌbrɛri/,图书馆,n.,A2
lie1,/laɪ/,躺；撒谎,v.,A2
life,/laɪf/,生活；生命,n.,A2
adj.,/ˌeɪˈdʒɛktɪv/,形容词,,A2
lion,/ˈlaɪən/,狮子,n.,A2
list,/lɪst/,列表；列出,"n., v.",A2
listen,/ˈlɪsən/,听,v.,A2
forget,/fərˈɡɛt/,忘记,v.,A2
form,/fɔrm/,形式；表格,"n., v.",A2
forty,/ˈfɔrti/,四十,number,A2
four,/fɔr/,四,number,A2
fourteen,/ˌfɔrˈtin/,十四,number,A2
fourth,/fɔrθ/,第四；四分之一,number,A2
Friday,/ˈfraɪdeɪ/,星期五,n.,A2
friend,/frɛnd/,朋友,n.,A2
friendly,/ˈfrɛndli/,友好的,adj.,A2
from,/frəm/,从；来自,prep.,A2
front,/frʌnt/,前面,"n., adj.",A2
fruit,/frut/,水果,n.,A2
full,/fʊl/,满的；完整的,adj.,A2
funny,/ˈfʌni/,有趣的；滑稽的,adj.,A2
game,/ɡeɪm/,游戏；比赛,n.,A2
garden,/ˈɡɑrdən/,花园,n.,A2
geography,/dʒiˈɑɡrəfi/,地理,n.,A2
get,/ɡɛt/,得到；获得,v.,A2
girl,/ɡɝl/,女孩,n.,A2
girlfriend,/ˈɡɝlˌfrɛnd/,女朋友,n.,A2
give,/ɡɪv/,给,v.,A2
glass,/ɡlæs/,玻璃；杯子,n.,A2
goodbye,/ˌɡʊdˈbaɪ/,再见,exclam./n.,A2
grandfather,/ˈɡrænˌfɑðər/,祖父；外祖父,n.,A2
grandmother,/ˈɡrænˌmʌðər/,祖母；外祖母,n.,A2
grandparent,/ˈɡrænˌpɛrənt/,祖父母；外祖父母,n.,A2
gray,/ɡreɪ/,灰色；灰色的,"adj., n.",A2
great,/ɡreɪt/,伟大的；很好的,adj.,A2
green,/ɡrin/,绿色；绿色的,"adj., n.",A2
group,/ɡrup/,组；团体,n.,A2
grow,/ɡroʊ/,生长；成长,v.,A2
guess,/ɡɛs/,猜测,"v., n.",A2
guitar,/ɡɪˈtɑr/,吉他,n.,A2
gym,/dʒɪm/,健身房,n.,A2
hair,/hɛr/,头发,n.,A2
happen,/ˈhæpən/,发生,v.,A2
happy,/ˈhæpi/,快乐的,adj.,A2
hard,/hɑrd/,困难的；坚硬的；努力地,"adj., adv.",A2
hat,/hæt/,帽子,n.,A2
he,/hi/,他,pron.,A2
health,/hɛlθ/,健康,n.,A2
healthy,/ˈhɛlθi/,健康的,adj.,A2
hear,/hɪr/,听见,v.,A2
hello,/həˈloʊ/,你好,exclam./n.,A2
help,/hɛlp/,帮助,"v., n.",A2
her,/hɝ/,她；她的,"pron., det.",A2
here,/hɪr/,这里,adv.,A2
hey,/heɪ/,嘿,exclam.,A2
hi,/haɪ/,嗨；你好,exclam.,A2
him,/hɪm/,他,pron.,A2
history,/ˈhɪstəri/,历史,n.,A2
hobby,/ˈhɑbi/,爱好,n.,A2
homework,/ˈhoʊmˌwɝk/,家庭作业,n.,A2
horse,/hɔrs/,马,n.,A2
hospital,/ˈhɑspɪtəl/,医院,n.,A2
eat,/it/,吃,v.,A2
egg,/ɛɡ/,鸡蛋,n.,A2
eight,/eɪt/,八,number,A2
eighteen,/ˌeɪˈtin/,十八,number,A2
eighty,/ˈeɪti/,八十,number,A2
elephant,/ˈɛləfənt/,大象,n.,A2
eleven,/ɪˈlɛvən/,十一,number,A2
else,/ɛls/,其他；另外,adv.,A2
email,/ˈiˌmeɪl/,电子邮件,"n., v.",A2
end,/ɛnd/,结束；末尾,"n., v.",A2
enjoy,/ɪnˈdʒɔɪ/,享受；喜欢,v.,A2
enough,/ɪˈnʌf/,足够的,"det., pron., adv.",A2
euro,/ˈjʊroʊ/,欧元,n.,A2
evening,/ˈivnɪŋ/,晚上,n.,A2
event,/ɪˈvɛnt/,事件；活动,n.,A2
ever,/ˈɛvər/,曾经,adv.,A2
every,/ˈɛvri/,每个；每一,det.,A2
everybody,/ˈɛvriˌbɑdi/,每个人,pron.,A2
everyone,/ˈɛvriˌwʌn/,每个人,pron.,A2
everything,/ˈɛvriˌθɪŋ/,一切；所有事物,pron.,A2
exam,/ɪɡˈzæm/,考试,n.,A2
example,/ɪɡˈzæmpəl/,例子；示例,n.,A2
excited,/ɪkˈsaɪtɪd/,兴奋的,adj.,A2
exciting,/ɪkˈsaɪtɪŋ/,令人兴奋的,adj.,A2
exercise,/ˈɛksərsaɪz/,锻炼；练习,"n., v.",A2
expensive,/ɪkˈspɛnsɪv/,昂贵的,adj.,A2
explain,/ɪkˈspleɪn/,解释,v.,A2
eye,/aɪ/,眼睛,n.,A2
fact,/fækt/,事实,n.,A2
fall,/fɔl/,掉落；秋天,"v., n.",A2
FALSE,/fɔls/,假的；错误的,adj.,A2
family,/ˈfæməli/,家庭；家人,"n., adj.",A2
famous,/ˈfeɪməs/,著名的,adj.,A2
fantastic,/fænˈtæstɪk/,极好的,adj.,A2
farmer,/ˈfɑrmər/,农民,n.,A2
fast,/fæst/,快的；快速地,"adj., adv.",A2
father,/ˈfɑðər/,父亲,n.,A2
favorite,/ˈfeɪvərɪt/,最喜欢的,"adj., n.",A2
February,/ˈfɛbruˌɛri/,二月,n.,A2
feeling,/ˈfilɪŋ/,感觉；情感,n.,A2
festival,/ˈfɛstəvəl/,节日,n.,A2
few,/fju/,少数的；几个,"det./adj., pron.",A2
fifteen,/ˌfɪfˈtin/,十五,number,A2
fifth,/fɪfθ/,第五,number,A2
fifty,/ˈfɪfti/,五十,number,A2
fill,/fɪl/,填充；装满,v.,A2
find,/faɪnd/,找到；发现,v.,A2
fine,/faɪn/,好的；罚款,adj.,A2
five,/faɪv/,五,number,A2
flight,/flaɪt/,航班；飞行,n.,A2
floor,/flɔr/,地板；楼层,n.,A2
flower,/ˈflaʊər/,花,n.,A2
follow,/ˈfɑloʊ/,跟随,v.,A2
food,/fud/,食物,n.,A2
foot,/fʊt/,脚,n.,A2
football,/ˈfʊtˌbɔl/,足球,n.,A2
for,/fɔr/,为了；对于,prep.,A2
country,/ˈkʌntri/,国家；乡村,n.,A2
course,/kɔrs/,课程；路线,n.,A2
cousin,/ˈkʌzən/,堂/表兄弟姐妹,n.,A2
cow,/kaʊ/,奶牛,n.,A2
create,/kriˈeɪt/,创造,v.,A2
culture,/ˈkʌltʃər/,文化,n.,A2
cup,/kʌp/,杯子,n.,A2
customer,/ˈkʌstəmər/,顾客,n.,A2
dad,/dæd/,爸爸,n.,A2
dance,/dæns/,跳舞；舞蹈,"n., v.",A2
dancer,/ˈdænsər/,舞者,n.,A2
dancing,/ˈdænsɪŋ/,跳舞,n.,A2
dangerous,/ˈdeɪndʒərəs/,危险的,adj.,A2
daughter,/ˈdɔtər/,女儿,n.,A2
day,/deɪ/,天；白天,n.,A2
dear,/dɪr/,亲爱的,adj.,A2
December,/dɪˈsɛmbər/,十二月,n.,A2
decide,/dɪˈsaɪd/,决定,v.,A2
delicious,/dɪˈlɪʃəs/,美味的,adj.,A2
describe,/dɪˈskraɪb/,描述,v.,A2
description,/dɪˈskrɪpʃən/,描述,n.,A2
design,/dɪˈzaɪn/,设计,"n., v.",A2
desk,/dɛsk/,书桌；办公桌,n.,A2
dialogue,/ˈdaɪəˌlɔɡ/,对话,n.,A2
dictionary,/ˈdɪkʃəˌnɛri/,词典,n.,A2
die,/daɪ/,死亡,v.,A2
diet,/ˈdaɪət/,饮食；节食,n.,A2
difference,/ˈdɪfərəns/,区别；差异,n.,A2
different,/ˈdɪfrənt/,不同的,adj.,A2
difficult,/ˈdɪfəkəlt/,困难的,adj.,A2
dinner,/ˈdɪnər/,晚餐,n.,A2
dirty,/ˈdɝti/,脏的,adj.,A2
discuss,/dɪˈskʌs/,讨论,v.,A2
dish,/dɪʃ/,盘子；菜肴,n.,A2
do1,/du/,做；干,"v., auxiliary v.",A2
doctor,/ˈdɑktər/,医生,n.,A2
dog,/dɔɡ/,狗,n.,A2
dollar,/ˈdɑlər/,美元,n.,A2
door,/dɔr/,门,n.,A2
down,/daʊn/,向下；下面,"adv., prep.",A2
draw,/drɔ/,画；拉,v.,A2
dress,/drɛs/,连衣裙；穿衣,"n., v.",A2
drink,/drɪŋk/,喝；饮料,"n., v.",A2
driver,/ˈdraɪvər/,司机,n.,A2
during,/ˈdʊrɪŋ/,在……期间,prep.,A2
DVD,/ˌdiˌviˈdi/,DVD光盘,n.,A2
each,/itʃ/,每个；各自,det./pron./adv.,A2
ear,/ɪr/,耳朵,n.,A2
early,/ˈɝli/,早的；早地,"adj., adv.",A2
east,/ist/,东方；东部,"n., adj., adv.",A2
easy,/ˈizi/,容易的,adj.,A2
band,/bænd/,乐队；带子,n.,A2
butter,/ˈbʌtər/,黄油,n.,A2
buy,/baɪ/,买,v.,A2
baseball,/ˈbeɪsˌbɔl/,棒球,n.,A2
bye,/baɪ/,再见,exclam.,A2
basketball,/ˈbæskətˌbɔl/,篮球,n.,A2
cafe,/kæˈfeɪ/,咖啡馆,n.,A2
bath,/bæθ/,洗澡；浴缸,n.,A2
cake,/keɪk/,蛋糕,n.,A2
bathroom,/ˈbæθˌrum/,浴室；卫生间,n.,A2
call,/kɔl/,打电话；呼叫,"v., n.",A2
be,/bi/,是；存在,"v., auxiliary v.",A2
beach,/bitʃ/,海滩,n.,A2
camera,/ˈkæmərə/,相机,n.,A2
can1,/kæn/,能够；可以,modal v.,A2
beautiful,/ˈbjutəfəl/,美丽的,adj.,A2
cannot,/ˈkænɑt/,不能,modal v.,A2
because,/bɪˈkɔz/,因为,conj.,A2
capital,/ˈkæpətəl/,首都；资本；大写字母,"n., adj.",A2
become,/bɪˈkʌm/,成为,v.,A2
car,/kɑr/,汽车,n.,A2
bed,/bɛd/,床,n.,A2
card,/kɑrd/,卡片；银行卡,n.,A2
bedroom,/ˈbɛdˌrum/,卧室,n.,A2
career,/kəˈrɪr/,职业；事业,n.,A2
beer,/bɪr/,啤酒,n.,A2
carrot,/ˈkærət/,胡萝卜,n.,A2
carry,/ˈkæri/,携带；运送,v.,A2
begin,/bɪˈɡɪn/,开始,v.,A2
cat,/kæt/,猫,n.,A2
beginning,/bɪˈɡɪnɪŋ/,开始；开端,n.,A2
CD,/ˌsiˈdi/,光盘,n.,A2
behind,/bɪˈhaɪnd/,在……后面,"prep., adv.",A2
cent,/sɛnt/,分,n.,A2
believe,/bɪˈliv/,相信,v.,A2
below,/bɪˈloʊ/,在……下面,"adv., prep.",A2
change,/tʃeɪndʒ/,改变；零钱,"v., n.",A2
bicycle,/ˈbaɪsɪkəl/,自行车,n.,A2
big,/bɪɡ/,大的,adj.,A2
cheese,/tʃiz/,奶酪,n.,A2
bike,/baɪk/,自行车,n.,A2
chicken,/ˈtʃɪkən/,鸡；鸡肉,n.,A2
child,/tʃaɪld/,孩子,n.,A2
bird,/bɝd/,鸟,n.,A2
chocolate,/ˈtʃɑklət/,巧克力,n.,A2
birthday,/ˈbɝθˌdeɪ/,生日,n.,A2
choose,/tʃuz/,选择,v.,A2
black,/blæk/,黑色的,"adj., n.",A2
city,/ˈsɪti/,城市,n.,A2
blog,/blɑɡ/,博客,n.,A2
class,/klæs/,班级；课程,n.,A2
blond,/blɑnd/,金发的,adj.,A2
classroom,/ˈklæsˌrum/,教室,n.,A2
blue,/blu/,蓝色的,"adj., n.",A2
clean,/klin/,干净的；清洁,"adj., v.",A2
boat,/boʊt/,船,n.,A2
body,/ˈbɑdi/,身体,n.,A2
clock,/klɑk/,时钟,n.,A2
boot,/but/,靴子,n.,A2
clothes,/kloʊðz/,衣服,n.,A2
bored,/bɔrd/,无聊的,adj.,A2
club,/klʌb/,俱乐部,n.,A2
boring,/ˈbɔrɪŋ/,无聊的,adj.,A2
coat,/koʊt/,外套,n.,A2
born,/bɔrn/,出生的,v.,A2
coffee,/ˈkɔfi/,咖啡,n.,A2
both,/boʊθ/,两者都,det./pron.,A2
cold,/koʊld/,冷的；感冒,"adj., n.",A2
bottle,/ˈbɑtəl/,瓶子,n.,A2
college,/ˈkɑlɪdʒ/,大学；学院,n.,A2
box,/bɑks/,盒子；箱子,n.,A2
color,/ˈkʌlər/,颜色,n.,A2
boy,/bɔɪ/,男孩,n.,A2
come,/kʌm/,来,v.,A2
boyfriend,/ˈbɔɪˌfrɛnd/,男朋友,n.,A2
common,/ˈkɑmən/,常见的；普通的,adj.,A2
bread,/brɛd/,面包,n.,A2
company,/ˈkʌmpəni/,公司,n.,A2
break,/breɪk/,休息；打破,"v., n.",A2
compare,/kəmˈpɛr/,比较,v.,A2
breakfast,/ˈbrɛkfəst/,早餐,n.,A2
complete,/kəmˈplit/,完整的；完成,"adj., v.",A2
bring,/brɪŋ/,带来,v.,A2
computer,/kəmˈpjutər/,电脑,n.,A2
brother,/ˈbrʌðər/,兄弟,n.,A2
concert,/ˈkɑnsɝt/,音乐会,n.,A2
brown,/braʊn/,棕色的,"adj., n.",A2
conversation,/ˌkɑnvərˈseɪʃən/,谈话,n.,A2
build,/bɪld/,建造,v.,A2
building,/ˈbɪldɪŋ/,建筑物,n.,A2
cooking,/ˈkʊkɪŋ/,烹饪,n.,A2
bus,/bʌs/,公共汽车,n.,A2
business,/ˈbɪznəs/,生意；商业,n.,A2
correct,/kəˈrɛkt/,正确的；改正,"adj., v.",A2
busy,/ˈbɪzi/,忙碌的,adj.,A2
cost,/kɔst/,花费；费用,"n., v.",A2
could,/kʊd/,可以；可能,modal v.,A2
"a,",/ə/,一个；一名,an indefinite article,A2
about,/əˈbaʊt/,关于；大约,"prep., adv.",A2
above,/əˈbʌv/,在……上面,"prep., adv.",A2
across,/əˈkrɔs/,穿过；在……对面,"prep., adv.",A2
action,/ˈækʃən/,行动；动作,n.,A2
activity,/ækˈtɪvəti/,活动,n.,A2
actor,/ˈæktər/,男演员,n.,A2
actress,/ˈæktrəs/,女演员,n.,A2
add,/æd/,添加,v.,A2
advice,/ədˈvaɪs/,建议,n.,A2
afraid,/əˈfreɪd/,害怕的,adj.,A2
afternoon,/ˌæftərˈnun/,下午,n.,A2
again,/əˈɡɛn/,再次,adv.,A2
ago,/əˈɡoʊ/,以前,adv.,A2
agree,/əˈɡri/,同意,v.,A2
air,/ɛr/,空气,n.,A2
airport,/ˈɛrˌpɔrt/,机场,n.,A2
also,/ˈɔlsoʊ/,也,adv.,A2
always,/ˈɔlweɪz/,总是,adv.,A2
amazing,/əˈmeɪzɪŋ/,令人惊叹的,adj.,A2
and,/ænd/,和；以及,conj.,A2
angry,/ˈæŋɡri/,生气的,adj.,A2
animal,/ˈænəməl/,动物,n.,A2
another,/əˈnʌðər/,另一个,det./pron.,A2
answer,/ˈænsər/,答案；回答,"n., v.",A2
anyone,/ˈɛniˌwʌn/,任何人,pron.,A2
anything,/ˈɛniˌθɪŋ/,任何事物,pron.,A2
apartment,/əˈpɑrtmənt/,公寓,n.,A2
apple,/ˈæpəl/,苹果,n.,A2
April,/ˈeɪprəl/,四月,n.,A2
area,/ˈɛriə/,地区；区域,n.,A2
arm,/ɑrm/,手臂,n.,A2
around,/əˈraʊnd/,在……周围；大约,"prep., adv.",A2
arrive,/əˈraɪv/,到达,v.,A2
art,/ɑrt/,艺术,n.,A2
article,/ˈɑrtɪkəl/,文章；物品,n.,A2
artist,/ˈɑrtɪst/,艺术家,n.,A2
ask,/æsk/,询问；请求,v.,A2
at,/æt/,在；向,prep.,A2
August,/ˈɔɡəst/,八月,n.,A2
aunt,/ænt/,姑妈；姨妈,n.,A2
away,/əˈweɪ/,离开；远离,adv.,A2
awesome,/ˈɔsəm/,极好的；很棒的,adj.,A2
baby,/ˈbeɪbi/,婴儿,n.,A2
bad,/bæd/,坏的；糟糕的,adj.,A2
bag,/bæɡ/,包；袋子,n.,A2
ball,/bɔl/,球,n.,A2
banana,/bəˈnænə/,香蕉,n.,A2
thread,/θrɛd/,线程；线；螺纹,n.,B2
threshold,/ˈθrɛʃˌhoʊld/,门槛；阈值；临界点,n.,B2
thrilled,/θrɪld/,非常兴奋的；激动的,adj.,B2
thrive,/θraɪv/,繁荣；兴旺；茁壮成长,v.,B2
tide,/taɪd/,潮汐；潮流,n.,B2
tighten,/ˈtaɪtən/,收紧；使变紧；加强,v.,B2
timber,/ˈtɪmbər/,木材；木料,n.,B2
timely,/ˈtaɪmli/,及时的；适时的,adj.,B2
tobacco,/təˈbækoʊ/,烟草,n.,B2
tolerance,/ˈtɑlərəns/,容忍；宽容；容差,n.,B2
tolerate,/ˈtɑləˌreɪt/,容忍；忍受,v.,B2
toll,/toʊl/,通行费；代价；伤亡人数,n.,B2
torture,/ˈtɔrtʃər/,折磨；酷刑,"n., v.",B2
toss,/tɔs/,扔；抛；投掷,v.,B2
toxic,/ˈtɑksɪk/,有毒的；有害的,adj.,B2
trace,/treɪs/,痕迹；追踪；查找,n.,B2
trademark,/ˈtreɪdˌmɑrk/,商标,n.,B2
trail,/treɪl/,小路；踪迹；拖；跟踪,"n., v.",B2
trailer,/ˈtreɪlər/,拖车；预告片,n.,B2
transaction,/trænˈzækʃən/,交易；事务,n.,B2
transcript,/ˈtrænˌskrɪpt/,文字记录；成绩单；抄本,n.,B2
transformation,/ˌtrænsfərˈmeɪʃən/,转变；变化；改造,n.,B2
transit,/ˈtrænzɪt/,运输；过渡；通行,n.,B2
transmission,/trænzˈmɪʃən/,传输；传播；传送,n.,B2
transparency,/trænsˈpɛrənsi/,透明度；透明性,n.,B2
transparent,/trænsˈpɛrənt/,透明的；清晰易懂的,adj.,B2
trauma,/ˈtraʊmə/,创伤；精神创伤,n.,B2
treaty,/ˈtriti/,条约；协定,n.,B2
tremendous,/trəˈmɛndəs/,巨大的；极大的；非常好的,adj.,B2
tribal,/ˈtraɪbəl/,部落的；部族的,adj.,B2
tribute,/ˈtrɪbjut/,致敬；颂词；贡品,n.,B2
trigger,/ˈtrɪɡər/,触发；引发；诱因,n.,B2
trio,/ˈtrioʊ/,三人组；三件套,n.,B2
triumph,/traɪˈʌmf/,胜利；成功,n.,B2
trophy,/ˈtroʊfi/,奖杯；奖品,n.,B2
troubled,/ˈtrʌbəld/,忧虑的；动荡的；困难的,adj.,B2
trustee,/trʌˈsti/,受托人；理事,n.,B2
tuition,/tuˈɪʃən/,学费；教学,n.,B2
tumor,/ˈtumər/,肿瘤,n.,B2
turnout,/ˈtɝnˌaʊt/,到场人数；投票率；产量,n.,B2
turnover,/ˈtɝnˌoʊvər/,营业额；人员流动；翻转,n.,B2
twist,/twɪst/,扭转；转折；拧,"v., n.",B2
unconstitutional,/ˌʌnkɑnstəˈtuʃənəl/,违宪的,adj.,B2
undergraduate,/ˌʌndərˈɡrædʒuət/,本科生；本科的,n.,B2
underlying,/ˌʌndərˈlaɪɪŋ/,潜在的；根本的；基础的,adj.,B2
undermine,/ˌʌndərˈmaɪn/,削弱；暗中破坏,v.,B2
undoubtedly,/ʌnˈdaʊtɪdli/,无疑地；肯定地,adv.,B2
unify,/ˈjunəˌfaɪ/,统一；使一致,v.,B2
unprecedented,/ʌnˈprɛsɪˌdɛntɪd/,前所未有的,adj.,B2
unveil,/ʌnˈveɪl/,揭开；公布；推出,v.,B2
upcoming,/ˈʌpˌkʌmɪŋ/,即将到来的,adj.,B2
upgrade,/ʌpˈɡreɪd/,升级；改进,"v., n.",B2
uphold,/ʌpˈhoʊld/,维护；支持；坚持,v.,B2
utility,/juˈtɪləti/,实用性；公用事业；实用程序,n.,B2
utilize,/ˈjutəˌlaɪz/,利用；使用,v.,B2
utterly,/ˈʌtərli/,完全地；彻底地,adv.,B2
vacuum,/ˈvækjum/,真空；真空吸尘器,n.,B2
vague,/veɪɡ/,模糊的；含糊的,adj.,B2
validity,/vəˈlɪdəti/,有效性；合法性,n.,B2
vanish,/ˈvænɪʃ/,消失；突然不见,v.,B2
variable,/ˈvɛriəbəl/,变量；可变的,"n., adj.",B2
varied,/ˈvɛrid/,各种各样的；多变的,adj.,B2
vein,/veɪn/,静脉；血管；纹理,n.,B2
venture,/ˈvɛntʃər/,冒险；冒险活动；企业,"n., v.",B2
verbal,/ˈvɝbəl/,口头的；言语的,adj.,B2
verdict,/ˈvɝdɪkt/,裁决；判决,n.,B2
verify,/ˈvɛrəˌfaɪ/,核实；验证,v.,B2
verse,/vɝs/,诗；诗句,n.,B2
versus,/ˈvɝsəs/,对；与……相比,conj.,B2
vessel,/ˈvɛsəl/,船；容器；血管,n.,B2
veteran,/ˈvɛtərən/,老兵；经验丰富的人,n.,B2
viable,/ˈvaɪəbəl/,可行的；能存活的,adj.,B2
vibrant,/ˈvaɪbrənt/,充满活力的；鲜艳的,adj.,B2
vice,/vaɪs/,恶习；副职；罪恶,n.,B2
vicious,/ˈvɪʃəs/,恶毒的；凶残的；恶性的,adj.,B2
violate,/ˈvaɪəˌleɪt/,违反；侵犯,v.,B2
violation,/ˌvaɪəˈleɪʃən/,违反；侵犯,n.,B2
virtue,/ˈvɝtʃu/,美德；优点,n.,B2
vocal,/ˈvoʊkəl/,声音的；直言不讳的,adj.,B2
vow,/vaʊ/,发誓；誓言,v.,B2
vulnerability,/ˌvʌlnərəˈbɪləti/,脆弱性；易受攻击性,n.,B2
vulnerable,/ˈvʌlnərəbəl/,脆弱的；易受攻击的,adj.,B2
ward,/wɔrd/,病房；区域；保护,n.,B2
warehouse,/ˈwɛrˌhaʊs/,仓库,n.,B2
warfare,/ˈwɔrˌfɛr/,战争；战事,n.,B2
warrant,/ˈwɔrənt/,授权令；逮捕令；保证,"n., v.",B2
warrior,/ˈwɔriər/,战士；勇士,n.,B2
weaken,/ˈwikən/,削弱；变弱,v.,B2
weave,/wiv/,编织；交织,v.,B2
weed,/wid/,杂草；除草,n.,B2
well-being,/ˌwɛl ˈbiɪŋ/,幸福；健康；福祉,n.,B2
whatsoever,/ˌwʌtsoʊˈɛvər/,任何；丝毫（用于否定）,adv.,B2
whereby,/wɛrˈbaɪ/,凭借；通过……方式,adv.,B2
whip,/wɪp/,鞭子；鞭打,v.,B2
wholly,/ˈhoʊlli/,完全地；全部地,adv.,B2
widen,/ˈwaɪdən/,加宽；扩大,v.,B2
widow,/ˈwɪdoʊ/,寡妇,n.,B2
width,/wɪdθ/,宽度,n.,B2
willingness,/ˈwɪlɪŋnəs/,意愿；乐意,n.,B2
wipe,/waɪp/,擦；擦掉,v.,B2
wit,/wɪt/,机智；风趣,n.,B2
withdrawal,/wɪðˈdrɔəl/,撤回；退出；取款,n.,B2
workout,/ˈwɝkˌaʊt/,锻炼；训练,n.,B2
worship,/ˈwɝʃɪp/,崇拜；礼拜,"n., v.",B2
worthwhile,/ˌwɝθˈwaɪl/,值得的,adj.,B2
worthy,/ˈwɝði/,值得的；有价值的,adj.,B2
yell,/jɛl/,大喊；叫喊,v.,B2
yield,/jild/,产生；屈服；收益,"n., v.",B2
profitable,/ˈprɑfɪtəbəl/,有利可图的；盈利的,adj.,B2
profound,/prəˈfaʊnd/,深刻的；深远的,adj.,B2
projection,/prəˈdʒɛkʃən/,预测；投影；规划,n.,B2
prominent,/ˈprɑmənənt/,著名的；突出的,adj.,B2
pronounced,/prəˈnaʊnst/,明显的；显著的,adj.,B2
propaganda,/ˌprɑpəˈɡændə/,宣传；宣传材料,n.,B2
proposition,/ˌprɑpəˈzɪʃən/,主张；提议；命题,n.,B2
prosecute,/ˈprɑsəˌkjut/,起诉；检控,v.,B2
prosecution,/ˌprɑsəˈkjuʃən/,起诉；检察,n.,B2
prosecutor,/ˈprɑsəˌkjutər/,检察官；公诉人,n.,B2
prospective,/prəˈspɛktɪv/,预期的；潜在的,adj.,B2
prosperity,/prɑˈspɛrəti/,繁荣；兴旺,n.,B2
protective,/prəˈtɛktɪv/,保护的；防护的,adj.,B2
protocol,/ˈproʊtəˌkɑl/,协议；规程；礼仪,n.,B2
province,/ˈprɑvəns/,省；领域,n.,B2
provincial,/prəˈvɪnʃəl/,省的；地方的,adj.,B2
provision,/prəˈvɪʒən/,规定；供应；条款,n.,B2
provoke,/prəˈvoʊk/,激怒；引发；挑起,v.,B2
psychiatric,/ˌsaɪkiˈætrɪk/,精神病学的；精神健康方面的,adj.,B2
pulse,/pʌls/,脉搏；脉冲,n.,B2
pump,/pʌmp/,泵；抽水；打气,"v., n.",B2
punch,/pʌntʃ/,拳打；猛击,"n., v.",B2
query,/ˈkwɪri/,查询；疑问,n.,B2
quest,/kwɛst/,探索；追求,n.,B2
quota,/ˈkwoʊtə/,配额；限额,n.,B2
radar,/ˈreɪˌdɑr/,雷达,n.,B2
radical,/ˈrædɪkəl/,激进的；根本的,adj.,B2
rage,/reɪdʒ/,愤怒；暴怒,n.,B2
raid,/reɪd/,突袭；搜查,"n., v.",B2
rally,/ˈræli/,集会；恢复；反弹,"n., v.",B2
ranking,/ˈræŋkɪŋ/,排名；等级,n.,B2
rape,/reɪp/,强奸,"n., v.",B2
ratio,/ˈreɪʃioʊ/,比率；比例,n.,B2
rational,/ˈræʃənəl/,理性的；合理的,adj.,B2
ray,/reɪ/,射线；光线,n.,B2
readily,/ˈrɛdəli/,容易地；欣然地,adv.,B2
realization,/ˌriələˈzeɪʃən/,实现；认识；领悟,n.,B2
realm,/rɛlm/,领域；王国,n.,B2
rear,/rɪr/,后部；后方；养育,"adj., n.",B2
reasoning,/ˈrizənɪŋ/,推理；推论,n.,B2
reassure,/ˌriəˈʃʊr/,使安心；使放心,v.,B2
rebel,/ˈrɛbəl/,叛乱者；反抗,n.,B2
rebellion,/rɪˈbɛljən/,叛乱；反抗,n.,B2
recipient,/rɪˈsɪpiənt/,接收者；接受者,n.,B2
reconstruction,/ˌrikənˈstrʌkʃən/,重建；重构,n.,B2
recount1,/rɪˈkaʊnt/,叙述；讲述,v.,B2
recruitment,/rɪˈkrutmənt/,招聘；招募,n.,B2
referendum,/ˌrɛfərˈɛndəm/,公民投票；全民公投,n.,B2
reflection,/rɪˈflɛkʃən/,反映；反思；倒影,n.,B2
reform,/rɪˈfɔrm/,改革；改进,"n., v.",B2
refuge,/ˈrɛfjudʒ/,避难所；庇护,n.,B2
refusal,/rɪˈfjuːzəl/,拒绝,n.,B2
regain,/rɪˈɡeɪn/,重新获得；恢复,v.,B2
regardless,/rɪˈɡɑrdləs/,不管；不顾,adv.,B2
regime,/reɪˈʒim/,政权；制度,n.,B2
regulator,/ˈrɛɡjəˌleɪtər/,监管机构；调节器,n.,B2
regulatory,/ˈrɛɡjəˌlətɔri/,监管的；法规的,adj.,B2
rehabilitation,/ˌrihəˌbɪləˈteɪʃən/,康复；恢复；改造,n.,B2
reign,/reɪn/,统治；统治时期,"n., v.",B2
rejection,/rɪˈdʒɛkʃən/,拒绝；驳回,n.,B2
relevance,/ˈrɛləvəns/,相关性；关联,n.,B2
reliability,/rɪˌlaɪəˈbɪləti/,可靠性,n.,B2
reluctant,/rɪˈlʌktənt/,不情愿的；勉强的,adj.,B2
remainder,/rɪˈmeɪndər/,剩余部分；余数,n.,B2
remains,/rɪˈmeɪnz/,遗迹；遗骸；剩余物,n.,B2
remedy,/ˈrɛmədi/,补救措施；治疗方法,n.,B2
reminder,/rɪˈmaɪndər/,提醒；提示,n.,B2
removal,/rɪˈmuvəl/,移除；清除,n.,B2
render,/ˈrɛndər/,使成为；呈现；渲染,v.,B2
renew,/rɪˈnu/,更新；续期；恢复,v.,B2
renowned,/rɪˈnaʊnd/,著名的；有名望的,adj.,B2
replacement,/rɪˈpleɪsmənt/,替代；替代品,n.,B2
reportedly,/rɪˈpɔrtɪdli/,据报道,adv.,B2
representation,/ˌrɛprɪzɛnˈteɪʃən/,代表；表现；陈述,n.,B2
reproduce,/ˌriprəˈdus/,复制；繁殖,v.,B2
reproduction,/ˌriprəˈdʌkʃən/,复制；繁殖,n.,B2
republic,/rɪˈpʌblɪk/,共和国,n.,B2
resemble,/rɪˈzɛmbəl/,类似；像,v.,B2
reside,/rɪˈzaɪd/,居住；存在于,v.,B2
residence,/ˈrɛzɪdəns/,住所；居住,n.,B2
residential,/ˌrɛzɪˈdɛnʃəl/,住宅的；居住的,adj.,B2
residue,/ˈrɛzəˌdu/,残留物；剩余物,n.,B2
resignation,/ˌrɛzɪɡˈneɪʃən/,辞职；辞呈,n.,B2
resistance,/rɪˈzɪstəns/,抵抗；阻力,n.,B2
respective,/rɪˈspɛktɪv/,各自的；分别的,adj.,B2
respectively,/rɪˈspɛktɪvli/,分别地；各自地,adv.,B2
restoration,/ˌrɛstəˈreɪʃən/,恢复；修复,n.,B2
restraint,/rɪˈstreɪnt/,限制；克制,n.,B2
resume,/rɪˈzum/,继续；恢复；简历,v.,B2
retreat,/rɪˈtrit/,撤退；退却；静修,"n., v.",B2
retrieve,/rɪˈtriv/,找回；检索,v.,B2
revelation,/ˌrɛvəˈleɪʃən/,揭示；启示,n.,B2
revenge,/rɪˈvɛndʒ/,报复；复仇,n.,B2
reverse,/rɪˈvɝs/,颠倒；逆转；相反的,"v., n., adj.",B2
revival,/rɪˈvaɪvəl/,复兴；复苏,n.,B2
revive,/rɪˈvaɪv/,恢复；复苏,v.,B2
revolutionary,/ˌrɛvəˈluʃəˌnɛri/,革命的；革命者,adj.,B2
rhetoric,/ˈrɛtərɪk/,修辞；花言巧语,n.,B2
rifle,/ˈraɪfəl/,步枪,n.,B2
riot,/ˈraɪət/,暴乱；骚乱,n.,B2
rip,/rɪp/,撕裂；扯破,v.,B2
ritual,/ˈrɪtʃuəl/,仪式；惯例,n.,B2
robust,/roʊˈbʌst/,强健的；稳健的,adj.,B2
rod,/rɑd/,杆；棒,n.,B2
rookie,/ˈrʊki/,新手；新兵,n.,B2
roster,/ˈrɑstər/,名单；花名册,n.,B2
rotate,/ˈroʊˌteɪt/,旋转；轮换,v.,B2
rotation,/roʊˈteɪʃən/,旋转；轮换,n.,B2
ruling,/ˈrulɪŋ/,裁决；统治的,n.,B2
rumor,/ˈrumər/,谣言；传闻,n.,B2
sacred,/ˈseɪkrɪd/,神圣的,adj.,B2
sacrifice,/ˈsækrəˌfaɪs/,牺牲；献祭,"n., v.",B2
saint,/seɪnt/,圣人；圣徒,n.,B2
sake,/seɪk/,缘故；目的,n.,B2
sanction,/ˈsæŋkʃən/,制裁；批准,n.,B2
scattered,/ˈskætərd/,分散的；零散的,adj.,B2
scope,/skoʊp/,范围；领域,n.,B2
screw,/skru/,螺丝；拧紧,"v., n.",B2
scrutiny,/ˈskrutəni/,仔细审查；细察,n.,B2
seal,/sil/,封条；印章；密封,"v., n.",B2
secondly,/ˈsɛkəndli/,其次,adv.,B2
secular,/ˈsɛkjələr/,世俗的；非宗教的,adj.,B2
seemingly,/ˈsimɪŋli/,看似；表面上,adv.,B2
segment,/ˈsɛɡmənt/,部分；片段,n.,B2
seize,/siz/,抓住；夺取,v.,B2
seldom,/ˈsɛldəm/,很少；不常,adv.,B2
selective,/səˈlɛktɪv/,选择性的；挑剔的,adj.,B2
sensation,/sɛnˈseɪʃən/,感觉；轰动,n.,B2
sensitivity,/ˌsɛnsəˈtɪvəti/,敏感性；敏感度,n.,B2
sentiment,/ˈsɛntəmənt/,情感；观点,n.,B2
separation,/ˌsɛpəˈreɪʃən/,分离；分开,n.,B2
serial,/ˈsɪriəl/,连续的；系列,adj.,B2
settlement,/ˈsɛtəlmənt/,解决；定居；和解,n.,B2
setup,/ˈsɛtˌʌp/,设置；安排；装置,n.,B2
sexuality,/ˌsɛkʃuˈæləti/,性；性取向,n.,B2
shareholder,/ˈʃɛrˌhoʊldər/,股东,n.,B2
shatter,/ˈʃætər/,粉碎；破坏,v.,B2
shed,/ʃɛd/,流出；脱落；棚屋,v.,B2
sheer,/ʃɪr/,陡峭的；纯粹的；完全的,adj.,B2
shipping,/ˈʃɪpɪŋ/,运输；航运,n.,B2
shrink,/ʃrɪŋk/,缩小；收缩,v.,B2
shrug,/ʃrʌɡ/,耸肩,v.,B2
sigh,/saɪ/,叹气,"v., n.",B2
simulate,/ˈsɪmjəˌleɪt/,模拟；模仿,v.,B2
simulation,/ˌsɪmjəˈleɪʃən/,模拟；仿真,n.,B2
simultaneously,/ˌsaɪməlˈteɪniəsli/,同时地,adv.,B2
sin,/sɪn/,罪；犯罪,n.,B2
situated,/ˈsɪtʃuˌeɪtɪd/,位于；坐落于,adj.,B2
skeptical,/ˈskɛptɪkəl/,怀疑的,adj.,B2
sketch,/skɛtʃ/,素描；草图；概述,n.,B2
skip,/skɪp/,跳过；略过,v.,B2
slam,/slæm/,猛击；砰地关上,v.,B2
slap,/slæp/,拍打；掌掴,v.,B2
slash,/slæʃ/,砍；削减；斜线,v.,B2
slavery,/ˈsleɪvəri/,奴隶制,n.,B2
slot,/slɑt/,狭槽；位置；时段,n.,B2
smash,/smæʃ/,粉碎；猛撞,v.,B2
snap,/snæp/,突然折断；快照,v.,B2
soak,/soʊk/,浸泡；湿透,v.,B2
soar,/sɔr/,猛增；高飞,v.,B2
socialist,/ˈsoʊʃəlɪst/,社会主义者；社会主义的,adj.,B2
sole,/soʊl/,唯一的；脚底,adj.,B2
solely,/ˈsoʊlli/,仅仅；完全,adv.,B2
solidarity,/ˌsɑləˈdɛrəti/,团结；一致,n.,B2
solo,/ˈsoʊloʊ/,单独的；独奏,"adj., n.",B2
sophomore,/ˈsɑfmɔr/,大学二年级学生,n.,B2
sovereignty,/ˈsɑvrənti/,主权,n.,B2
spam,/spæm/,垃圾邮件；垃圾信息,n.,B2
span,/spæn/,跨度；持续时间；横跨,"v., n.",B2
spare,/spɛr/,备用的；多余的；抽出,v.,B2
spark,/spɑrk/,火花；引发,v.,B2
specialized,/ˈspɛʃəˌlaɪzd/,专业的；专门的,adj.,B2
specification,/ˌspɛsəfəˈkeɪʃən/,规格；说明,n.,B2
specimen,/ˈspɛsəmən/,样本；标本,n.,B2
spectacle,/ˈspɛktəkəl/,壮观场面；眼镜,n.,B2
spectrum,/ˈspɛktrəm/,范围；光谱,n.,B2
sphere,/sfɪr/,球体；领域,n.,B2
spin,/spɪn/,旋转；转动,"v., n.",B2
spine,/spaɪn/,脊柱；脊梁,n.,B2
spotlight,/ˈspɑtˌlaɪt/,聚光灯；关注焦点,n.,B2
spouse,/spaʊs/,配偶,n.,B2
spy,/spaɪ/,间谍；侦察,"n., v.",B2
squad,/skwɑd/,小队；班,n.,B2
squeeze,/skwiz/,挤压；压榨,v.,B2
stab,/stæb/,刺；刺伤,v.,B2
stability,/stəˈbɪləti/,稳定性,n.,B2
stabilize,/ˈsteɪbəˌlaɪz/,使稳定；稳定下来,v.,B2
stake,/steɪk/,股份；利害关系；赌注,n.,B2
standing,/ˈstændɪŋ/,地位；站立；长期的,adj.,B2
stark,/stɑrk/,鲜明的；严酷的；完全的,adj.,B2
statistical,/stəˈtɪstɪkəl/,统计的,adj.,B2
steer,/stɪr/,驾驶；引导,v.,B2
stem,/stɛm/,茎；源头；阻止,"n., v.",B2
stereotype,/ˈstɛriəˌtaɪp/,刻板印象,n.,B2
stimulus,/ˈstɪmjələs/,刺激；刺激物,n.,B2
stir,/stɝ/,搅拌；激起,v.,B2
storage,/ˈstɔrɪdʒ/,储存；存储空间,n.,B2
straightforward,/ˌstreɪtˈfɔrwərd/,简单明了的；直截了当的,adj.,B2
strain,/streɪn/,压力；拉伤；品种,n.,B2
strand,/strænd/,股；缕；滩,n.,B2
strategic,/strəˈtidʒɪk/,战略的；战略性的,adj.,B2
striking,/ˈstraɪkɪŋ/,引人注目的；显著的,adj.,B2
strip,/strɪp/,剥去；条；带,(long narrow piece) n.,B2
strive,/straɪv/,努力；奋斗,v.,B2
structural,/ˈstrʌktʃərəl/,结构的,adj.,B2
stumble,/ˈstʌmbəl/,绊倒；犯错,v.,B2
stun,/stʌn/,使震惊；使昏迷,v.,B2
submission,/səbˈmɪʃən/,提交；服从,n.,B2
subscriber,/səbˈskraɪbər/,订阅者；用户,n.,B2
subscription,/səbˈskrɪpʃən/,订阅；订阅费,n.,B2
subsidy,/ˈsʌbsədi/,补贴；津贴,n.,B2
substantial,/səbˈstænʃəl/,大量的；实质性的,adj.,B2
substantially,/səbˈstænʃəli/,大幅地；实质上,adv.,B2
substitute,/ˈsʌbstəˌtut/,替代；替代品,"n., v.",B2
substitution,/ˌsʌbstəˈtuʃən/,替代；替换,n.,B2
subtle,/ˈsʌtəl/,微妙的；细微的,adj.,B2
suburban,/səˈbɝbən/,郊区的,adj.,B2
succession,/səkˈsɛʃən/,连续；继承,n.,B2
successive,/səkˈsɛsɪv/,连续的；相继的,adj.,B2
successor,/səkˈsɛsər/,继任者；后继者,n.,B2
suck,/sʌk/,吸；糟糕,v.,B2
sue,/su/,起诉,v.,B2
suicide,/ˈsuəˌsaɪd/,自杀,n.,B2
suite,/swit/,套房；套装；套件,n.,B2
summit,/ˈsʌmɪt/,峰会；顶峰,n.,B2
superb,/suˈpɝb/,极好的；杰出的,adj.,B2
superintendent,/ˌsupərɪnˈtɛndənt/,主管；负责人,n.,B2
superior,/suˈpɪriər/,优越的；上级,adj.,B2
supervise,/ˈsupərˌvaɪz/,监督；管理,v.,B2
supervision,/ˌsupərˈvɪʒən/,监督；管理,n.,B2
supervisor,/ˈsupərˌvaɪzər/,主管；监督者,n.,B2
supplement,/ˈsʌpləmənt/,补充；补充物,"n., v.",B2
supportive,/səˈpɔrtɪv/,支持的；给予帮助的,adj.,B2
supposedly,/səˈpoʊzədli/,据说；据推测,adv.,B2
suppress,/səˈprɛs/,压制；抑制,v.,B2
supreme,/səˈprim/,最高的；至高无上的,adj.,B2
surge,/sɝdʒ/,激增；猛增,"n., v.",B2
surgical,/ˈsɝdʒɪkəl/,外科的；手术的,adj.,B2
surplus,/ˈsɝpləs/,剩余；过剩,n.,B2
surrender,/səˈrɛndər/,投降；放弃,v.,B2
surveillance,/sɝˈveɪləns/,监视；监控,n.,B2
suspension,/səˈspɛnʃən/,暂停；悬浮；停职,n.,B2
suspicion,/səˈspɪʃən/,怀疑；猜疑,n.,B2
suspicious,/səˈspɪʃəs/,可疑的；怀疑的,adj.,B2
sustain,/səˈsteɪn/,维持；支撑；承受,v.,B2
swing,/swɪŋ/,摇摆；挥动,"v., n.",B2
sword,/sɔrd/,剑,n.,B2
symbolic,/sɪmˈbɑlɪk/,象征性的,adj.,B2
syndrome,/ˈsɪndroʊm/,综合征,n.,B2
synthesis,/ˈsɪnθəsɪs/,综合；合成,n.,B2
systematic,/ˌsɪstəˈmætɪk/,系统的；有条理的,adj.,B2
tackle,/ˈtækəl/,处理；解决；擒抱,n.,B2
tactic,/ˈtæktɪk/,策略；战术,n.,B2
tactical,/ˈtæktɪkəl/,战术的,adj.,B2
taxpayer,/ˈtæksˌpeɪər/,纳税人,n.,B2
tempt,/tɛmpt/,诱惑；引诱,v.,B2
tenant,/ˈtɛnənt/,租户；房客,n.,B2
tender,/ˈtɛndər/,温柔的；嫩的；投标,adj.,B2
tenure,/ˈtɛnjər/,任期；任职；保有,n.,B2
terminal,/ˈtɝmənəl/,终端；终点；末期的,adj.,B2
terminate,/ˈtɝməˌneɪt/,终止；结束,v.,B2
terrain,/təˈreɪn/,地形,n.,B2
terrific,/təˈrɪfɪk/,极好的；非常棒的,adj.,B2
testify,/ˈtɛstəˌfaɪ/,作证；证明,v.,B2
testimony,/ˈtɛstəˌmoʊni/,证词；证明,n.,B2
texture,/ˈtɛkstʃər/,质地；纹理,n.,B2
thankfully,/ˈθæŋkfəli/,幸亏；感激地,adv.,B2
theatrical,/θiˈætrɪkəl/,戏剧的；夸张的,adj.,B2
theology,/θiˈɑlədʒi/,神学,n.,B2
theoretical,/ˌθiəˈrɛtɪkəl/,理论的,adj.,B2
thereafter,/ˌðɛrˈæftər/,此后；之后,adv.,B2
thereby,/ˌðɛrˈbaɪ/,从而；因此,adv.,B2
thoughtful,/ˈθɔtfəl/,体贴的；深思的,adj.,B2
thought-provoking,/ˈθɔt prəˌvoʊkɪŋ/,发人深省的；引人思考的,adj.,B2
integrated,/ˈɪntəˌɡreɪtɪd/,综合的；一体化的,adj.,B2
integration,/ˌɪntəˈɡreɪʃən/,整合；融合,n.,B2
integrity,/ɪnˈtɛɡrəti/,正直；完整性,n.,B2
intellectual,/ˌɪntəˈlɛktʃuəl/,知识分子；智力的,n.,B2
intensify,/ɪnˈtɛnsəˌfaɪ/,加强；加剧,v.,B2
intensity,/ɪnˈtɛnsəti/,强度；程度,n.,B2
intensive,/ɪnˈtɛnsɪv/,密集的；强化的,adj.,B2
intent,/ɪnˈtɛnt/,意图；目的；专心的,n.,B2
interactive,/ˌɪntərˈæktɪv/,互动的,adj.,B2
interface,/ˈɪntərˌfeɪs/,界面；接口,n.,B2
interfere,/ˌɪntərˈfɪr/,干涉；干扰,v.,B2
interference,/ˌɪntərˈfɪrəns/,干扰；干涉,n.,B2
interim,/ˈɪntərəm/,临时的；过渡时期,adj.,B2
interior,/ɪnˈtɪriər/,内部；室内的,"adj., n.",B2
intermediate,/ˌɪntərˈmidiət/,中间的；中级的,adj.,B2
intersection,/ˌɪntərˈsɛkʃən/,十字路口；交叉,n.,B2
intervene,/ˌɪntərˈvin/,干预；介入,v.,B2
intervention,/ˌɪntərˈvɛnʃən/,干预；介入,n.,B2
intimate,/ˈɪntəmət/,亲密的；私人的,adj.,B2
intriguing,/ɪnˈtriɡɪŋ/,有趣的；引人入胜的,adj.,B2
inventory,/ˈɪnvənˌtɔri/,库存；存货,n.,B2
investigator,/ɪnˈvɛstəˌɡeɪtər/,调查人员；研究者,n.,B2
invisible,/ɪnˈvɪzəbəl/,看不见的；无形的,adj.,B2
invoke,/ɪnˈvoʊk/,调用；援引,v.,B2
involvement,/ɪnˈvɑlvmənt/,参与；卷入,n.,B2
ironic,/aɪˈrɑnɪk/,讽刺的；出乎意料的,adj.,B2
ironically,/aɪˈrɑnɪkli/,讽刺地；具有讽刺意味地,adv.,B2
irony,/ˈaɪrəni/,讽刺；反讽,n.,B2
irrelevant,/ɪˈrɛləvənt/,无关的；不相关的,adj.,B2
isolation,/ˌaɪsəˈleɪʃən/,隔离；孤立,n.,B2
judicial,/dʒuˈdɪʃəl/,司法的；法庭的,adj.,B2
jurisdiction,/ˌdʒʊrəsˈdɪkʃən/,管辖权；司法管辖区,n.,B2
justification,/ˌdʒʌstəfəˈkeɪʃən/,理由；正当理由,n.,B2
keen,/kin/,热切的；敏锐的,adj.,B2
kidnap,/ˈkɪdˌnæp/,绑架,v.,B2
kidney,/ˈkɪdni/,肾脏,n.,B2
kingdom,/ˈkɪŋdəm/,王国,n.,B2
landlord,/ˈlændˌlɔrd/,房东,n.,B2
landmark,/ˈlændˌmɑrk/,地标；里程碑,n.,B2
lap,/læp/,大腿；膝部；一圈,n.,B2
large-scale,/ˌlɑrdʒ ˈskeɪl/,大规模的,adj.,B2
laser,/ˈleɪzər/,激光,n.,B2
latter,/ˈlætər/,后者的,"adj., n.",B2
lawmaker,/ˈlɔˌmeɪkər/,立法者,n.,B2
lawn,/lɔn/,草坪,n.,B2
lawsuit,/ˈlɔˌsut/,诉讼；官司,n.,B2
layout,/ˈleɪˌaʊt/,布局；版面,n.,B2
leak,/lik/,泄漏；泄露,"v., n.",B2
leap,/lip/,跳跃；飞跃,"v., n.",B2
legacy,/ˈlɛɡəsi/,遗产；遗留物,n.,B2
legendary,/ˈlɛdʒənˌdɛri/,传奇的,adj.,B2
legislation,/ˌlɛdʒəˈsleɪʃən/,立法；法律,n.,B2
legislative,/ˈlɛdʒəsˌleɪtɪv/,立法的,adj.,B2
legislature,/ˈlɛdʒəsˌleɪtʃər/,立法机构,n.,B2
legitimate,/ləˈdʒɪtəmət/,合法的；合理的,adj.,B2
lengthy,/ˈlɛŋθi/,冗长的；漫长的,adj.,B2
lesbian,/ˈlɛzbiən/,女同性恋者；女同性恋的,adj.,B2
lesser,/ˈlɛsər/,较小的；较少的,adj.,B2
lethal,/ˈliθəl/,致命的,adj.,B2
liable,/ˈlaɪəbəl/,可能的；负有法律责任的,adj.,B2
liberal,/ˈlɪbərəl/,自由主义的；宽松的,"adj., n.",B2
liberation,/ˌlɪbəˈreɪʃən/,解放,n.,B2
liberty,/ˈlɪbərti/,自由,n.,B2
lifelong,/ˈlaɪfˌlɔŋ/,终身的；毕生的,adj.,B2
likelihood,/ˈlaɪkliˌhʊd/,可能性,n.,B2
limb,/lɪm/,肢体；树枝,n.,B2
linear,/ˈlɪniər/,线性的,adj.,B2
lineup,/ˈlaɪnˌʌp/,阵容；名单,n.,B2
linger,/ˈlɪŋɡər/,逗留；徘徊,v.,B2
listing,/ˈlɪstɪŋ/,清单；列表,n.,B2
liter,/ˈlitər/,升,n.,B2
literacy,/ˈlɪtərəsi/,读写能力；素养,n.,B2
liver,/ˈlɪvər/,肝脏,n.,B2
lobby,/ˈlɑbi/,大厅；游说,"n., v.",B2
log,/lɔɡ/,日志；记录；原木,"n., v.",B2
logic,/ˈlɑdʒɪk/,逻辑,n.,B2
long-standing,/ˌlɔŋˈstændɪŋ/,长期存在的,adj.,B2
longtime,/ˈlɔŋˌtaɪm/,长期的；长久的,adj.,B2
loom,/lum/,隐约出现；织布机,v.,B2
loop,/lup/,循环；环,n.,B2
loyalty,/ˈlɔɪəlti/,忠诚,n.,B2
machinery,/məˈʃinəri/,机械；机器设备,n.,B2
magical,/ˈmædʒɪkəl/,神奇的；魔法的,adj.,B2
magnetic,/mæɡˈnɛtɪk/,磁性的；有吸引力的,adj.,B2
magnificent,/mæɡˈnɪfəsənt/,壮丽的；极好的,adj.,B2
magnitude,/ˈmæɡnəˌtud/,规模；大小；重要性,n.,B2
mainland,/ˈmeɪnˌlænd/,大陆；本土,n.,B2
mainstream,/ˈmeɪnˌstrim/,主流,"n., adj.",B2
maintenance,/ˈmeɪntənəns/,维护；保养,n.,B2
mandate,/ˈmændeɪt/,授权；命令；任期,n.,B2
mandatory,/ˈmændəˌtɔri/,强制性的；必须的,adj.,B2
manifest,/ˈmænəˌfɛst/,显示；表明；明显的,v.,B2
manipulate,/məˈnɪpjəˌleɪt/,操纵；控制,v.,B2
manipulation,/məˌnɪpjəˈleɪʃən/,操纵；控制,n.,B2
manuscript,/ˈmænjəˌskrɪpt/,手稿；原稿,n.,B2
march,/mɑrtʃ/,行军；前进；三月,"n., v.",B2
marginal,/ˈmɑrdʒənəl/,边缘的；微小的,adj.,B2
marine,/məˈrin/,海洋的；海军陆战队,adj.,B2
marketplace,/ˈmɑrkətˌpleɪs/,市场；交易平台,n.,B2
mask,/mæsk/,面具；掩盖,n.,B2
massacre,/ˈmæsəkər/,大屠杀；屠杀,n.,B2
mathematical,/ˌmæθəˈmætɪkəl/,数学的,adj.,B2
mature,/məˈtʃʊr/,成熟的；成熟,"adj., v.",B2
maximize,/ˈmæksəˌmaɪz/,最大化,v.,B2
meaningful,/ˈminɪŋfəl/,有意义的,adj.,B2
meantime,/ˈminˌtaɪm/,与此同时,n.,B2
medieval,/ˌmɛdiˈivəl/,中世纪的,adj.,B2
meditation,/ˌmɛdəˈteɪʃən/,冥想；沉思,n.,B2
melody,/ˈmɛlədi/,旋律,n.,B2
memo,/ˈmɛmoʊ/,备忘录,n.,B2
memoir,/ˈmɛmˌwɑr/,回忆录,n.,B2
memorial,/məˈmɔriəl/,纪念碑；纪念的,n.,B2
mentor,/ˈmɛntɔr/,导师；指导者,n.,B2
merchant,/ˈmɝtʃənt/,商人,n.,B2
mercy,/ˈmɝsi/,仁慈；怜悯,n.,B2
mere,/mɪr/,仅仅的；纯粹的,adj.,B2
merely,/ˈmɪrli/,仅仅；只是,adv.,B2
merge,/mɝdʒ/,合并；融合,v.,B2
merger,/ˈmɝrdʒər/,合并；兼并,n.,B2
merit,/ˈmɛrɪt/,优点；价值；值得,n.,B2
methodology,/ˌmɛθəˈdɑlədʒi/,方法论；方法,n.,B2
midst,/mɪdst/,中间；当中,n.,B2
migration,/maɪˈɡreɪʃən/,迁移；移民,n.,B2
militant,/ˈmɪlətənt/,激进分子；激进的,"n., adj.",B2
militia,/məˈlɪʃə/,民兵,n.,B2
mill,/mɪl/,磨坊；工厂,n.,B2
minimal,/ˈmɪnəməl/,最小的；最低限度的,adj.,B2
minimize,/ˈmɪnəˌmaɪz/,使最小化；降低,v.,B2
mining,/ˈmaɪnɪŋ/,采矿；挖掘,n.,B2
ministry,/ˈmɪnəstri/,部；政府部门；牧师职位,n.,B2
minute2,/maɪˈnut/,分钟,adj.,B2
miracle,/ˈmɪrəkəl/,奇迹,n.,B2
misery,/ˈmɪzəri/,痛苦；悲惨,n.,B2
misleading,/ˌmɪsˈlidɪŋ/,误导性的,adj.,B2
missile,/ˈmɪsəl/,导弹,n.,B2
mob,/mɑb/,暴徒；乌合之众,n.,B2
mobile,/ˈmoʊbəl/,移动的；手机,adj.,B2
mobility,/moʊˈbɪləti/,流动性；机动性,n.,B2
mobilize,/ˈmoʊbəˌlaɪz/,动员；调动,v.,B2
moderate,/ˈmɑdərət/,适度的；温和的,adj.,B2
modification,/ˌmɑdəfəˈkeɪʃən/,修改；调整,n.,B2
module,/ˈmɑdʒul/,模块,n.,B2
momentum,/moʊˈmɛntəm/,动力；势头,n.,B2
monk,/mʌŋk/,僧侣,n.,B2
monopoly,/məˈnɑpəli/,垄断,n.,B2
morality,/məˈræləti/,道德；道德观,n.,B2
motive,/ˈmoʊtɪv/,动机；原因,n.,B2
municipal,/mjuˈnɪsəpəl/,市政的；地方政府的,adj.,B2
mutual,/ˈmjutʃuəl/,相互的；共同的,adj.,B2
namely,/ˈneɪmli/,即；也就是,adv.,B2
nationwide,/ˈneɪʃənˌwaɪd/,全国范围的,adj.,B2
naval,/ˈneɪvəl/,海军的,adj.,B2
neglect,/nɪˈɡlɛkt/,忽视；疏忽,v.,B2
neighboring,/ˈneɪbərɪŋ/,邻近的,adj.,B2
nest,/nɛst/,巢；窝,n.,B2
newsletter,/ˈnuzˌlɛtər/,通讯；简报,n.,B2
niche,/nɪtʃ/,利基市场；细分领域,n.,B2
noble,/ˈnoʊbəl/,高尚的；贵族的,adj.,B2
nod,/nɑd/,点头,v.,B2
nominate,/ˈnɑməˌneɪt/,提名；任命,v.,B2
nomination,/ˌnɑməˈneɪʃən/,提名；任命,n.,B2
nominee,/ˌnɑməˈni/,被提名者,n.,B2
nonetheless,/ˌnʌnðəˈlɛs/,然而；尽管如此,adv.,B2
nonprofit,/ˌnɑnˈprɑfɪt/,非营利组织；非营利的,adj.,B2
nonsense,/ˈnɑnˌsɛns/,胡说；无意义的话,n.,B2
noon,/nun/,中午,n.,B2
notable,/ˈnoʊtəbəl/,值得注意的；著名的,adj.,B2
notably,/ˈnoʊtəbli/,尤其；显著地,adv.,B2
notify,/ˈnoʊtəˌfaɪ/,通知,v.,B2
notorious,/noʊˈtɔriəs/,臭名昭著的,adj.,B2
nursery,/ˈnɝsəri/,托儿所；苗圃,n.,B2
objection,/əbˈdʒɛkʃən/,反对；异议,n.,B2
oblige,/əˈblaɪdʒ/,迫使；帮忙,v.,B2
obsess,/əbˈsɛs/,使着迷；困扰,v.,B2
obsession,/əbˈsɛʃən/,痴迷；困扰,n.,B2
occasional,/əˈkeɪʒənəl/,偶尔的,adj.,B2
occurrence,/əˈkɝəns/,发生；事件,n.,B2
odds,/ɑdz/,可能性；赔率,n.,B2
offering,/ˈɔfərɪŋ/,提供；产品；供品,n.,B2
offspring,/ˈɔfˌsprɪŋ/,后代,n.,B2
operational,/ˌɑpəˈreɪʃənəl/,操作的；运营的,adj.,B2
opt,/ɑpt/,选择,v.,B2
optical,/ˈɑptɪkəl/,光学的,adj.,B2
optimism,/ˈɑptəˌmɪzəm/,乐观；乐观主义,n.,B2
oral,/ˈɔrəl/,口头的；口腔的,adj.,B2
organizational,/ˌɔrɡənəˈzeɪʃənəl/,组织的；机构的,adj.,B2
orientation,/ˌɔriɛnˈteɪʃən/,方向；培训；定位,n.,B2
originate,/əˈrɪdʒəˌneɪt/,起源；发起,v.,B2
outbreak,/ˈaʊtˌbreɪk/,爆发,n.,B2
outing,/ˈaʊtɪŋ/,短途旅行；外出,n.,B2
outlet,/ˈaʊtˌlɛt/,出口；经销店；发泄途径,n.,B2
outlook,/ˈaʊtˌlʊk/,前景；观点,n.,B2
outrage,/ˈaʊtˌreɪdʒ/,愤怒；暴行,"n., v.",B2
outsider,/ˌaʊtˈsaɪdər/,局外人；外部人士,n.,B2
overlook,/ˌoʊvərˈlʊk/,忽视；俯瞰,v.,B2
overly,/ˈoʊvərli/,过度地；太,adv.,B2
oversee,/ˌoʊvərˈsi/,监督；监管,v.,B2
overturn,/ˌoʊvərˈtɝn/,推翻；颠覆,v.,B2
overwhelm,/ˌoʊvərˈwɛlm/,压倒；使不知所措,v.,B2
overwhelming,/ˌoʊvərˈwɛlmɪŋ/,压倒性的；巨大的,adj.,B2
pad,/pæd/,垫子；衬垫,n.,B2
parameter,/pəˈræmətər/,参数；范围,n.,B2
parental,/pəˈrɛntəl/,父母的,adj.,B2
parliament,/ˈpɑrləmənt/,议会,n.,B2
partial,/ˈpɑrʃəl/,部分的；偏袒的,adj.,B2
partially,/ˈpɑrʃəli/,部分地,adv.,B2
passing,/ˈpæsɪŋ/,经过；通过；短暂的,n.,B2
passive,/ˈpæsɪv/,被动的,adj.,B2
pastor,/ˈpæstər/,牧师,n.,B2
patent,/ˈpætənt/,专利；专利权,n.,B2
pathway,/ˈpæθˌweɪ/,途径；路径,n.,B2
patrol,/pəˈtroʊl/,巡逻；巡逻队,"n., v.",B2
patron,/ˈpeɪtrən/,赞助人；顾客,n.,B2
peak,/pik/,顶峰；高峰,n.,B2
peasant,/ˈpɛzənt/,农民,n.,B2
peculiar,/pɪˈkjuljər/,奇怪的；独特的,adj.,B2
pension1,/ˈpɛnʃən/,养老金；退休金,n.,B2
persist,/pərˈsɪst/,坚持；持续,v.,B2
persistent,/pərˈsɪstənt/,持续的；执着的,adj.,B2
personnel,/ˌpɝsəˈnɛl/,人员,n.,B2
petition,/pəˈtɪʃən/,请愿；请愿书,n.,B2
philosopher,/fəˈlɑsəfər/,哲学家,n.,B2
philosophical,/ˌfɪləˈsɑfɪkəl/,哲学的,adj.,B2
pioneer,/ˌpaɪəˈnɪr/,先驱；开拓者,"n., v.",B2
pipeline,/ˈpaɪpˌlaɪn/,管道；渠道,n.,B2
pirate,/ˈpaɪrət/,海盗；盗版者,n.,B2
pit,/pɪt/,坑；深坑,n.,B2
plea,/pli/,请求；辩护,n.,B2
plead,/plid/,恳求；申辩,v.,B2
pledge,/plɛdʒ/,保证；承诺,"v., n.",B2
plug,/plʌɡ/,插头；堵塞；插入,"v., n.",B2
plunge,/plʌndʒ/,骤降；投入,v.,B2
pole,/poʊl/,杆；极；两极之一,n.,B2
poll,/poʊl/,民意调查；投票,n.,B2
pond,/pɑnd/,池塘,n.,B2
portfolio,/pɔrtˈfoʊlioʊ/,投资组合；作品集,n.,B2
portray,/pɔrˈtreɪ/,描绘；刻画,v.,B2
postpone,/poʊstˈpoʊn/,推迟,v.,B2
postwar,/ˌpoʊstˈwɔr/,战后的,adj.,B2
practitioner,/prækˈtɪʃənər/,从业者；执业者,n.,B2
preach,/pritʃ/,布道；宣扬,v.,B2
precedent,/ˈprɛsədənt/,先例,n.,B2
precision,/prɪˈsɪʒən/,精确；精度,n.,B2
predator,/ˈprɛdətər/,捕食者；掠夺者,n.,B2
predecessor,/ˈprɛdəˌsɛsər/,前任；前身,n.,B2
predominantly,/prɪˈdɑmənəntli/,主要地；占主导地,adv.,B2
pregnancy,/ˈprɛɡnənsi/,怀孕；妊娠,n.,B2
prejudice,/ˈprɛdʒədɪs/,偏见；损害,n.,B2
preliminary,/prɪˈlɪməˌnɛri/,初步的；预备的,adj.,B2
premier,/prɪˈmɪr/,首相；首要的,n.,B2
premise,/ˈprɛmɪs/,前提；假设,n.,B2
premium,/ˈprimiəm/,额外费用；保险费；高档的,n.,B2
prescribe,/prɪˈskraɪb/,开处方；规定,v.,B2
prescription,/prɪˈskrɪpʃən/,处方；规定,n.,B2
presently,/ˈprɛzəntli/,目前；不久,adv.,B2
preservation,/ˌprɛzərˈveɪʃən/,保护；保存,n.,B2
preside,/prɪˈzaɪd/,主持；担任主席,v.,B2
presidency,/ˈprɛzɪdənsi/,总统职位；总统任期,n.,B2
prestigious,/prɛˈstɪdʒəs/,有声望的；享有盛誉的,adj.,B2
presumably,/prɪˈzuməbli/,大概；推测起来,adv.,B2
presume,/prɪˈzum/,假定；推测,v.,B2
prevail,/prɪˈveɪl/,盛行；获胜,v.,B2
prevalence,/ˈprɛvələns/,普遍；流行程度,n.,B2
prevention,/prɪˈvɛnʃən/,预防；防止,n.,B2
prey,/preɪ/,猎物；捕食,n.,B2
privatization,/ˌpraɪvətəˈzeɪʃən/,私有化,n.,B2
privilege,/ˈprɪvəlɪdʒ/,特权；荣幸,n.,B2
probe,/proʊb/,调查；探查,"n., v.",B2
problematic,/ˌprɑbləˈmætɪk/,有问题的；棘手的,adj.,B2
proceeding,/prəˈsidɪŋ/,诉讼程序；进行,n.,B2
proceeds,/ˈproʊˌsidz/,收益；收入,n.,B2
processing,/ˈprɑˌsɛsɪŋ/,处理；加工,n.,B2
processor,/ˈprɑˌsɛsər/,处理器；处理程序,n.,B2
proclaim,/prəˈkleɪm/,宣布；宣告,v.,B2
productive,/prəˈdʌktɪv/,高效的；有生产力的,adj.,B2
productivity,/ˌproʊdʌkˈtɪvəti/,生产率；生产力,n.,B2
devastate,/ˈdɛvəˌsteɪt/,摧毁；使极度震惊,v.,B2
devil,/ˈdɛvəl/,魔鬼；恶魔,n.,B2
devise,/dɪˈvaɪz/,设计；想出,v.,B2
diagnose,/ˌdaɪəɡˈnoʊs/,诊断,v.,B2
diagnosis,/ˌdaɪəɡˈnoʊsɪs/,诊断,n.,B2
dictate,/ˈdɪkˌteɪt/,口述；规定,v.,B2
dictator,/ˈdɪkˌteɪtər/,独裁者,n.,B2
differentiate,/ˌdɪfərɛnʃiˈeɪt/,区分；使不同,v.,B2
dignity,/ˈdɪɡnəti/,尊严,n.,B2
dilemma,/dɪˈlɛmə/,困境；两难,n.,B2
dimension,/dɪˈmɛnʃən/,维度；方面,n.,B2
diminish,/dɪˈmɪnɪʃ/,减少；削弱,v.,B2
dip,/dɪp/,下降；浸；蘸,v.,B2
diplomat,/ˈdɪpləˌmæt/,外交官,n.,B2
diplomatic,/ˌdɪpləˈmætɪk/,外交的；圆滑的,n.,B2
directory,/dəˈrɛktəri/,目录；通讯录,n.,B2
disastrous,/dɪˈzæstrəs/,灾难性的,adj.,B2
discard,/dɪˈskɑrd/,丢弃；抛弃,v.,B2
discharge,/dɪsˈtʃɑrdʒ/,释放；排放；履行,v.,B2
disclose,/dɪsˈkloʊz/,披露；公开,v.,B2
disclosure,/dɪsˈkloʊʒər/,披露；公开,n.,B2
discourse,/ˈdɪskɔrs/,话语；论述,n.,B2
discretion,/dɪˈskrɛʃən/,谨慎；酌情决定权,n.,B2
discrimination,/dɪˌskrɪməˈneɪʃən/,歧视；区别,n.,B2
dismissal,/dɪsˈmɪsəl/,解雇；驳回,n.,B2
displace,/dɪsˈpleɪs/,取代；迫使离开,v.,B2
disposal,/dɪˈspoʊzəl/,处理；处置,n.,B2
dispose,/dɪˈspoʊz/,处理；处置,v.,B2
dispute,/dɪˈspjut/,争议；争端,"n., v.",B2
disrupt,/dɪsˈrʌpt/,扰乱；破坏,v.,B2
disruption,/dɪsˈrʌpʃən/,中断；扰乱,n.,B2
dissolve,/dɪˈzɑlv/,溶解；解散,v.,B2
distinction,/dɪˈstɪŋkʃən/,区别；荣誉,n.,B2
distinctive,/dɪˈstɪŋktɪv/,独特的；有特色的,adj.,B2
distort,/dɪˈstɔrt/,扭曲；歪曲,v.,B2
distress,/dɪˈstrɛs/,痛苦；困境,"n., v.",B2
disturbing,/dɪˈstɝbɪŋ/,令人不安的,adj.,B2
divert,/daɪˈvɝt/,转移；使转向,v.,B2
divine,/dɪˈvaɪn/,神圣的；神的,adj.,B2
doctrine,/ˈdɑktrɪn/,教义；学说,n.,B2
documentation,/ˌdɑkjəmɛnˈteɪʃən/,文件；文档,n.,B2
domain,/doʊˈmeɪn/,领域；域,n.,B2
dominance,/ˈdɑmənəns/,支配；优势,n.,B2
donor,/ˈdoʊnər/,捐赠者；供体,n.,B2
dose,/doʊs/,剂量,n.,B2
drain,/dreɪn/,排水；消耗,v.,B2
drift,/drɪft/,漂移；逐渐变化,v.,B2
drown,/draʊn/,淹死；淹没,v.,B2
dual,/ˈduəl/,双重的,adj.,B2
dub,/dʌb/,配音；称为,v.,B2
dumb,/dʌm/,愚蠢的；哑的,adj.,B2
duo,/ˈduoʊ/,二人组,n.,B2
dynamic,/daɪˈnæmɪk/,动态的；有活力的,n.,B2
earnings,/ˈɝnɪŋz/,收入；收益,n.,B2
ease,/iz/,轻松；缓解,"n., v.",B2
echo,/ˈɛkoʊ/,回声；重复,"v., n.",B2
ecological,/ˌikəˈlɑdʒɪkəl/,生态的,adj.,B2
educator,/ˈɛdʒəˌkeɪtər/,教育工作者,n.,B2
effectiveness,/ɪˈfɛktɪvnəs/,有效性,n.,B2
efficiency,/ɪˈfɪʃənsi/,效率,n.,B2
ego,/ˈiɡoʊ/,自我；自尊,n.,B2
elaborate,/ɪˈlæbərət/,详细的；精心制作的,adj.,B2
electoral,/ɪˈlɛktərəl/,选举的,adj.,B2
elevate,/ˈɛləˌveɪt/,提高；提升,v.,B2
eligible,/ˈɛlədʒəbəl/,符合资格的,adj.,B2
elite,/ɪˈlit/,精英；精英的,n.,B2
embark,/ɛmˈbɑrk/,开始；上船,v.,B2
embarrassment,/ɪmˈbɛrəsmənt/,尴尬；难堪,n.,B2
embassy,/ˈɛmbəsi/,大使馆,n.,B2
©,/,版权符号,Oxford University Press embed v.,B2
embody,/ɪmˈbɑdi/,体现；包含,v.,B2
emergence,/ɪˈmɝdʒəns/,出现；兴起,n.,B2
empirical,/ɛmˈpɪrɪkəl/,经验主义的；实证的,adj.,B2
empower,/ɛmˈpaʊər/,授权；使有能力,v.,B2
enact,/ɪˈnækt/,制定；颁布,v.,B2
encompass,/ɪnˈkʌmpəs/,包含；涵盖,v.,B2
encouragement,/ɪnˈkɝɪdʒmənt/,鼓励,n.,B2
encouraging,/ɪnˈkɝɪdʒɪŋ/,令人鼓舞的,adj.,B2
endeavor,/ɛnˈdɛvər/,努力；尝试,n.,B2
endless,/ˈɛndləs/,无尽的,adj.,B2
endorse,/ɪnˈdɔrs/,支持；认可,v.,B2
endorsement,/ɪnˈdɔrsmənt/,支持；认可,n.,B2
endure,/ɪnˈdʊr/,忍受；持续,v.,B2
enforce,/ɪnˈfɔrs/,执行；强制实施,v.,B2
enforcement,/ɪnˈfɔrsmənt/,执行；实施,n.,B2
engagement,/ɛnˈɡeɪdʒmənt/,参与；订婚；交战,n.,B2
engaging,/ɛnˈɡeɪdʒɪŋ/,有吸引力的；引人入胜的,adj.,B2
enrich,/ɛnˈrɪtʃ/,丰富；使富裕,v.,B2
enroll,/ɛnˈroʊl/,报名；注册,v.,B2
ensue,/ɪnˈsu/,随之发生,v.,B2
enterprise,/ˈɛntərˌpraɪz/,企业；事业,n.,B2
enthusiast,/ɪnˈθuziˌæst/,爱好者,n.,B2
entitle,/ɪnˈtaɪtəl/,使有资格；给……命名,v.,B2
entity,/ˈɛntəti/,实体；独立存在的事物,n.,B2
epidemic,/ˌɛpəˈdɛmɪk/,流行病；流行的,n.,B2
equality,/ɪˈkwɑləti/,平等,n.,B2
equation,/ɪˈkweɪʒən/,方程式；等式,n.,B2
erect,/ɪˈrɛkt/,竖立；建立,v.,B2
escalate,/ˈɛskəˌleɪt/,升级；加剧,v.,B2
essence,/ˈɛsəns/,本质；精髓,n.,B2
establishment,/ɪˈstæblɪʃmənt/,建立；机构,n.,B2
eternal,/ɪˈtɝnəl/,永恒的,adj.,B2
evacuate,/ɪˈvækjuˌeɪt/,撤离；疏散,v.,B2
evoke,/ɪˈvoʊk/,唤起；引起,v.,B2
evolutionary,/ˌɛvəˈluʃəˌnɛri/,进化的；演变的,adj.,B2
exaggerate,/ɪɡˈzædʒəˌreɪt/,夸大,v.,B2
excellence,/ˈɛksələns/,卓越；优秀,n.,B2
exceptional,/ɪkˈsɛpʃənəl/,杰出的；异常的,adj.,B2
excess,/ɪkˈsɛs/,过量；过度,"n., adj.",B2
exclusion,/ɪkˈskluʒən/,排除；排斥,n.,B2
exclusive,/ɪkˈsklusɪv/,独家的；专属的,adj.,B2
exclusively,/ɪkˈsklusɪvli/,仅仅；专门地,adv.,B2
execute,/ˈɛksəˌkjut/,执行；实施,v.,B2
execution,/ˌɛksəˈkjuʃən/,执行；实施,n.,B2
exert,/ɪɡˈzɝt/,施加；运用,v.,B2
exile,/ˈɛɡˌzaɪl/,流放；流亡,n.,B2
expenditure,/ɪkˈspɛndətʃər/,支出；花费,n.,B2
experimental,/ɪkˌspɛrəˈmɛntəl/,实验性的,adj.,B2
expire,/ɪkˈspaɪr/,到期；失效,v.,B2
explicit,/ɪkˈsplɪsɪt/,明确的；直白的,adj.,B2
explicitly,/ɪkˈsplɪsətli/,明确地,adv.,B2
exploitation,/ˌɛksplɔɪˈteɪʃən/,剥削；开发利用,n.,B2
explosive,/ɪkˈsploʊsɪv/,爆炸性的；易爆的,"adj., n.",B2
extract,/ɪkˈstrækt/,提取；摘录,v.,B2
extremist,/ɪkˈstrimɪst/,极端分子；极端主义的,n.,B2
facilitate,/fəˈsɪləˌteɪt/,促进；使便利,v.,B2
faction,/ˈfækʃən/,派系；小集团,n.,B2
fade,/feɪd/,褪色；逐渐消失,v.,B2
fairness,/ˈfɛrnəs/,公平；公正,n.,B2
fatal,/ˈfeɪtəl/,致命的,adj.,B2
fate,/feɪt/,命运,n.,B2
favorable,/ˈfeɪvərəbəl/,有利的；赞成的,adj.,B2
feat,/fit/,壮举；技艺,n.,B2
felony,/ˈfɛləni/,重罪,n.,B2
feminist,/ˈfɛmənɪst/,女权主义者；女权主义的,"adj., n.",B2
fiber,/ˈfaɪbər/,纤维,n.,B2
fierce,/fɪrs/,凶猛的；激烈的,adj.,B2
filmmaker,/ˈfɪlmˌmeɪkər/,电影制片人,n.,B2
filter,/ˈfɪltər/,过滤器；过滤,"n., v.",B2
firearm,/ˈfaɪərˌɑrm/,枪支；火器,n.,B2
fiscal,/ˈfɪskəl/,财政的,adj.,B2
flaw,/flɔ/,缺陷；漏洞,n.,B2
flawed,/flɔd/,有缺陷的,adj.,B2
flee,/fli/,逃离；逃跑,v.,B2
fleet,/flit/,舰队；车队,n.,B2
flesh,/flɛʃ/,肉；肌肉,n.,B2
flexibility,/ˌflɛksəˈbɪləti/,灵活性,n.,B2
flourish,/ˈflɝɪʃ/,繁荣；茂盛,v.,B2
fluid,/ˈfluɪd/,液体；流动的,n.,B2
footage,/ˈfʊtɪdʒ/,录像片段；镜头,n.,B2
foreigner,/ˈfɔrənər/,外国人,n.,B2
forge,/fɔrdʒ/,伪造；锻造；建立,v.,B2
formula,/ˈfɔrmjələ/,公式；配方,n.,B2
formulate,/ˈfɔrmjəˌleɪt/,制定；构想,v.,B2
forth,/fɔrθ/,向前；向外,adv.,B2
forthcoming,/ˈfɔrθˌkʌmɪŋ/,即将到来的；即将发生的,adj.,B2
foster,/ˈfɔstər/,促进；培养,v.,B2
fragile,/ˈfrædʒəl/,脆弱的；易碎的,adj.,B2
franchise,/ˈfrænˌtʃaɪz/,特许经营权；加盟店,n.,B2
frankly,/ˈfræŋkli/,坦率地,adv.,B2
freshman,/ˈfrɛʃmən/,大学一年级学生,n.,B2
frustrated,/frʌˈstreɪtɪd/,沮丧的；受挫的,adj.,B2
frustrating,/ˈfrʌˌstreɪtɪŋ/,令人沮丧的,adj.,B2
frustration,/frʌˈstreɪʃən/,挫折；沮丧,n.,B2
functional,/ˈfʌŋkʃənəl/,实用的；功能性的,adj.,B2
fundraising,/ˈfʌndˌreɪzɪŋ/,筹款,n.,B2
funeral,/ˈfjunərəl/,葬礼,n.,B2
gambling,/ˈɡæmblɪŋ/,赌博,n.,B2
gathering,/ˈɡæðərɪŋ/,聚会；收集,n.,B2
gaze,/ɡeɪz/,凝视,"n., v.",B2
gear,/ɡɪr/,装备；齿轮,n.,B2
generic,/dʒəˈnɛrɪk/,通用的；一般的,adj.,B2
genocide,/ˈdʒɛnəˌsaɪd/,种族灭绝,n.,B2
gig,/ɡɪɡ/,演出；临时工作,n.,B2
glance,/ɡlæns/,一瞥；扫视,"n., v.",B2
glimpse,/ɡlɪmps/,一瞥；短暂的了解,n.,B2
glorious,/ˈɡlɔriəs/,辉煌的；光荣的,adj.,B2
glory,/ˈɡlɔri/,荣耀；光荣,n.,B2
governance,/ˈɡʌvərnəns/,治理；管理,n.,B2
grace,/ɡreɪs/,优雅；恩典,n.,B2
grasp,/ɡræsp/,抓住；理解,v.,B2
grave,/ɡreɪv/,坟墓；严重的,(for dead person) n.,B2
gravity,/ˈɡrævəti/,重力；严重性,n.,B2
grid,/ɡrɪd/,网格；电网,n.,B2
grief,/ɡrif/,悲痛；悲伤,n.,B2
grin,/ɡrɪn/,咧嘴笑,"v., n.",B2
grind,/ɡraɪnd/,磨；碾；艰苦工作,v.,B2
grip,/ɡrɪp/,紧握；控制,"n., v.",B2
gross,/ɡroʊs/,总的；严重的；粗俗的,adj.,B2
guerrilla,/ɡəˈrɪlə/,游击队员；游击战的,n.,B2
guidance,/ˈɡaɪdəns/,指导；引导,n.,B2
guilt,/ɡɪlt/,内疚；罪责,n.,B2
gut,/ɡʌt/,肠；内脏；勇气,n.,B2
hail,/heɪl/,冰雹；欢呼；招呼,v.,B2
halfway,/ˌhæfˈweɪ/,中途；半路,adv.,B2
halt,/hɔlt/,停止；暂停,"v., n.",B2
handful,/ˈhændˌfʊl/,一把；少数,n.,B2
handling,/ˈhændlɪŋ/,处理；操作,n.,B2
handy,/ˈhændi/,方便的；有用的,adj.,B2
harassment,/ˈhɛrəsmənt/,骚扰,n.,B2
hardware,/ˈhɑrdˌwɛr/,硬件,n.,B2
harmony,/ˈhɑrməni/,和谐；协调,n.,B2
harsh,/hɑrʃ/,严厉的；恶劣的,adj.,B2
harvest,/ˈhɑrvəst/,收获；收割,"n., v.",B2
hatred,/ˈheɪtrɪd/,仇恨,n.,B2
haunt,/hɔnt/,萦绕；经常出没,v.,B2
hazard,/ˈhæzərd/,危险；隐患,n.,B2
heighten,/ˈhaɪtən/,提高；加剧,v.,B2
heritage,/ˈhɛrətɪdʒ/,遗产；传统,n.,B2
hierarchy,/ˈhaɪəˌrɑrki/,等级制度；层级,n.,B2
high-profile,/ˌhaɪ ˈproʊfaɪl/,备受关注的；高知名度的,adj.,B2
hint,/hɪnt/,提示；暗示,"n., v.",B2
homeland,/ˈhoʊmˌlænd/,祖国；家园,n.,B2
hook,/hʊk/,钩子；钩住,v.,B2
hopeful,/ˈhoʊpfəl/,有希望的；乐观的,adj.,B2
horizon,/həˈraɪzən/,地平线；前景,n.,B2
horn,/hɔrn/,角；喇叭,n.,B2
hostage,/ˈhɑstɪdʒ/,人质,n.,B2
hostile,/ˈhɑstəl/,敌对的；不友好的,adj.,B2
hostility,/hɑˈstɪləti/,敌意；敌对,n.,B2
humanitarian,/hjuˌmænəˈtɛriən/,人道主义者；人道主义的,adj.,B2
humanity,/hjuˈmænəti/,人类；人性,n.,B2
humble,/ˈhʌmbəl/,谦逊的；卑微的,adj.,B2
hydrogen,/ˈhaɪdrədʒən/,氢,n.,B2
identification,/aɪˌdɛntəfəˈkeɪʃən/,身份确认；识别,n.,B2
ideological,/ˌaɪdiəˈlɑdʒɪkəl/,意识形态的,adj.,B2
ideology,/ˌaɪdiˈɑlədʒi/,意识形态,n.,B2
idiot,/ˈɪdiət/,白痴；蠢人,n.,B2
ignorance,/ˈɪɡnərəns/,无知,n.,B2
imagery,/ˈɪmɪdʒəri/,意象；图像,n.,B2
immense,/ɪˈmɛns/,巨大的,adj.,B2
imminent,/ˈɪmənənt/,即将发生的,adj.,B2
implementation,/ˌɪmpləmɛnˈteɪʃən/,实施；执行,n.,B2
imprison,/ɪmˈprɪzən/,监禁,v.,B2
inability,/ˌɪnəˈbɪləti/,无能；无法,n.,B2
inadequate,/ɪnˈædəkwət/,不足的；不充分的,adj.,B2
inappropriate,/ˌɪnəˈproʊpriət/,不合适的,adj.,B2
incarcerate,/ɪnˈkɑrsəˌreɪt/,监禁,v.,B2
incarceration,/ɪnˌkɑrsəˈreɪʃən/,监禁,n.,B2
incidence,/ˈɪnsɪdəns/,发生率；发生,n.,B2
inclined,/ɪnˈklaɪnd/,倾向于；倾斜的,adj.,B2
inclusion,/ɪnˈkluʒən/,包含；纳入,n.,B2
incur,/ɪnˈkɝ/,招致；遭受,v.,B2
indicator,/ˈɪndəˌkeɪtər/,指标；指示器,n.,B2
indictment,/ɪnˈdaɪtmənt/,起诉；控告,n.,B2
indigenous,/ɪnˈdɪdʒənəs/,本土的；土著的,adj.,B2
induce,/ɪnˈdus/,促使；引起,v.,B2
indulge,/ɪnˈdʌldʒ/,放纵；沉溺于,v.,B2
inequality,/ˌɪnɪˈkwɑləti/,不平等,n.,B2
infamous,/ˈɪnfəməs/,臭名昭著的,adj.,B2
infant,/ˈɪnfənt/,婴儿,n.,B2
infect,/ɪnˈfɛkt/,感染,v.,B2
inflict,/ɪnˈflɪkt/,施加；使遭受,v.,B2
influential,/ˌɪnfluˈɛnʃəl/,有影响力的,adj.,B2
inherent,/ɪnˈhɪrənt/,固有的；内在的,adj.,B2
inhibit,/ɪnˈhɪbɪt/,抑制；阻碍,v.,B2
initiate,/ɪˈnɪʃiˌeɪt/,开始；发起,v.,B2
inject,/ɪnˈdʒɛkt/,注射；注入,v.,B2
injection,/ɪnˈdʒɛkʃən/,注射；注入,n.,B2
injustice,/ɪnˈdʒʌstɪs/,不公正；不公平,n.,B2
inmate,/ˈɪnˌmeɪt/,囚犯；被拘留者,n.,B2
inquire,/ɪnˈkwaɪr/,询问；调查,v.,B2
insertion,/ɪnˈsɝʃən/,插入；插入物,n.,B2
insider,/ɪnˈsaɪdər/,内部人士,n.,B2
inspect,/ɪnˈspɛkt/,检查；视察,v.,B2
inspection,/ɪnˈspɛkʃən/,检查；视察,n.,B2
inspiration,/ˌɪnspəˈreɪʃən/,灵感；鼓舞,n.,B2
instinct,/ˈɪnstɪŋkt/,本能；直觉,n.,B2
institutional,/ˌɪnstəˈtuʃənəl/,机构的；制度的,adj.,B2
instruct,/ɪnˈstrʌkt/,指导；指示,v.,B2
instrumental,/ˌɪnstrəˈmɛntəl/,有帮助的；仪器的,adj.,B2
insufficient,/ˌɪnsəˈfɪʃənt/,不足的,adj.,B2
insult,/ˈɪnsʌlt/,侮辱；冒犯,"n., v.",B2
intact,/ɪnˈtækt/,完整无损的,adj.,B2
intake,/ˈɪnˌteɪk/,摄入量；吸收,n.,B2
integral,/ˈɪntəɡrəl/,不可或缺的；完整的,adj.,B2
aspire,/əˈspaɪr/,渴望；立志,v.,B2
assassination,/əˌsæsəˈneɪʃən/,暗杀,n.,B2
assault,/əˈsɔlt/,袭击；攻击,"n., v.",B2
assemble,/əˈsɛmbəl/,集合；组装,v.,B2
assembly,/əˈsɛmbli/,集会；组装,n.,B2
assert,/əˈsɝt/,断言；坚持,v.,B2
assertion,/əˈsɝʃən/,断言；主张,n.,B2
assurance,/əˈʃʊrəns/,保证；信心,n.,B2
asylum,/əˈsaɪləm/,庇护；避难所,n.,B2
atrocity,/əˈtrɑsəti/,暴行；残暴行为,n.,B2
attain,/əˈteɪn/,达到；获得,v.,B2
attendance,/əˈtɛndəns/,出席；出勤,n.,B2
attribute,/əˈtrɪbjut/,归因于；属性,"v., n.",B2
auction,/ˈɔkʃən/,拍卖,n.,B2
audit,/ˈɔdɪt/,审计；审核,n.,B2
authentic,/ɔˈθɛntɪk/,真实的；正宗的,adj.,B2
authorize,/ˈɔθəˌraɪz/,授权；批准,v.,B2
auto,/ˈɔtoʊ/,汽车；自动的,n.,B2
autonomy,/ɔˈtɑnəmi/,自治；自主权,n.,B2
autumn,/ˈɔtəm/,秋天,n.,B2
availability,/əˌveɪləˈbɪləti/,可用性；可获得性,n.,B2
await,/əˈweɪt/,等待,v.,B2
backdrop,/ˈbækˌdrɑp/,背景；背景幕,n.,B2
backing,/ˈbækɪŋ/,支持；后盾,n.,B2
backup,/ˈbækˌʌp/,备份；后援,n.,B2
bail,/beɪl/,保释；保释金,n.,B2
ballot,/ˈbælət/,选票；投票,n.,B2
bankruptcy,/ˈbæŋkrəptsi/,破产,n.,B2
banner,/ˈbænər/,横幅；旗帜,n.,B2
bare,/bɛr/,赤裸的；仅仅的,adj.,B2
barrel,/ˈbærəl/,桶；枪管,n.,B2
bass1,/beɪs/,低音；低音提琴,n.,B2
bat,/bæt/,蝙蝠；球棒,v.,B2
battlefield,/ˈbætəlˌfild/,战场,n.,B2
bay,/beɪ/,海湾,n.,B2
beam,/bim/,梁；光束,n.,B2
beast,/bist/,野兽；牲畜,n.,B2
behalf,/bɪˈhæf/,代表；为了,n.,B2
behavioral,/bɪˈheɪvjərəl/,行为的,adj.,B2
beloved,/bɪˈlʌvd/,深爱的；心爱的,adj.,B2
bench,/bɛntʃ/,长凳；法官席,n.,B2
benchmark,/ˈbɛntʃˌmɑrk/,基准；标准,n.,B2
beneath,/bɪˈniθ/,在……下面,prep.,B2
beneficiary,/ˌbɛnəˈfɪʃiˌɛri/,受益人,n.,B2
betray,/bɪˈtreɪ/,背叛；泄露,v.,B2
beverage,/ˈbɛvərɪdʒ/,饮料,n.,B2
bind,/baɪnd/,绑定；捆绑,v.,B2
biography,/baɪˈɑɡrəfi/,传记,n.,B2
bishop,/ˈbɪʃəp/,主教,n.,B2
bizarre,/bɪˈzɑr/,奇怪的；怪异的,adj.,B2
blade,/bleɪd/,刀片；刀刃,n.,B2
blast,/blæst/,爆炸；猛烈冲击,"n., v.",B2
bleed,/blid/,流血,v.,B2
blend,/blɛnd/,混合；融合,"v., n.",B2
bless,/blɛs/,祝福,v.,B2
blessing,/ˈblɛsɪŋ/,祝福；幸事,n.,B2
boast,/boʊst/,吹嘘；自夸,v.,B2
bonus,/ˈboʊnəs/,奖金；红利,n.,B2
booking,/ˈbʊkɪŋ/,预订,n.,B2
boom,/bum/,繁荣；激增；轰鸣,n.,B2
bounce,/baʊns/,弹跳；反弹,v.,B2
boundary,/ˈbaʊndəri/,边界；界限,n.,B2
bow1,/baʊ/,鞠躬；弓,"v., n.",B2
breach,/britʃ/,违反；突破；缺口,"n., v.",B2
breakdown,/ˈbreɪkˌdaʊn/,故障；崩溃；细分,n.,B2
breakthrough,/ˈbreɪkˌθru/,突破；重大进展,n.,B2
breed,/brid/,繁殖；品种,"v., n.",B2
broadband,/ˈbrɔdˌbænd/,宽带,n.,B2
browser,/ˈbraʊzər/,浏览器,n.,B2
brutal,/ˈbrutəl/,残酷的；野蛮的,adj.,B2
buddy,/ˈbʌdi/,朋友；伙伴,n.,B2
buffer,/ˈbʌfər/,缓冲区；缓冲,n.,B2
bulk,/bʌlk/,大部分；体积；大批,n.,B2
burden,/ˈbɝdən/,负担,n.,B2
bureaucracy,/bjʊˈrɑkrəsi/,官僚机构；官僚主义,n.,B2
burial,/ˈbɛriəl/,埋葬；葬礼,n.,B2
burst,/bɝst/,爆发；爆裂,v.,B2
cabinet,/ˈkæbənət/,内阁；橱柜,n.,B2
calculation,/ˌkælkjəˈleɪʃən/,计算,n.,B2
canvas,/ˈkænvəs/,帆布；画布,n.,B2
capability,/ˌkeɪpəˈbɪləti/,能力；性能,n.,B2
capitalism,/ˈkæpətəˌlɪzəm/,资本主义,n.,B2
capitalist,/ˈkæpətəlɪst/,资本主义者；资本家的,adj.,B2
cargo,/ˈkɑrɡoʊ/,货物,n.,B2
carriage,/ˈkærɪdʒ/,马车；车厢,n.,B2
carve,/kɑrv/,雕刻；切割,v.,B2
casino,/kəˈsinoʊ/,赌场,n.,B2
casualty,/ˈkæʒuəlti/,伤亡人员；受害者,n.,B2
catalog,/ˈkætəˌlɔɡ/,目录,n.,B2
cater,/ˈkeɪtər/,迎合；提供餐饮,v.,B2
cattle,/ˈkætəl/,牛；牲畜,n.,B2
caution,/ˈkɔʃən/,谨慎；警告,n.,B2
cautious,/ˈkɔʃəs/,谨慎的,adj.,B2
cease,/sis/,停止；终止,v.,B2
cemetery,/ˈsɛmɪˌtɛri/,墓地,n.,B2
chamber,/ˈtʃeɪmbər/,房间；议院；腔,n.,B2
chaos,/ˈkeɪɑs/,混乱,n.,B2
characterize,/ˈkɛrəktəˌraɪz/,描述；刻画,v.,B2
charm,/tʃɑrm/,魅力；吸引,n.,B2
charter,/ˈtʃɑrtər/,宪章；租用,n.,B2
choir,/ˈkwaɪər/,合唱团,n.,B2
chronic,/ˈkrɑnɪk/,长期的；慢性的,adj.,B2
chunk,/tʃʌŋk/,大块；部分,n.,B2
circulate,/ˈsɝkjəˌleɪt/,流通；循环,v.,B2
circulation,/ˌsɝkjəˈleɪʃən/,流通；循环,n.,B2
citizenship,/ˈsɪtəzənˌʃɪp/,公民身份,n.,B2
civic,/ˈsɪvɪk/,公民的；城市的,adj.,B2
civilian,/səˈvɪljən/,平民；平民的,"n., adj.",B2
clarity,/ˈklɛrəti/,清晰；明确,n.,B2
clash,/klæʃ/,冲突；碰撞,n.,B2
classification,/ˌklæsəfəˈkeɪʃən/,分类；类别,n.,B2
cling,/klɪŋ/,紧紧抓住；依附,v.,B2
clinical,/ˈklɪnɪkəl/,临床的,adj.,B2
closure,/ˈkloʊʒər/,关闭；结束,n.,B2
cluster,/ˈklʌstər/,群；簇,n.,B2
coalition,/ˌkoʊəˈlɪʃən/,联盟；联合,n.,B2
coastal,/ˈkoʊstəl/,沿海的,adj.,B2
cocktail,/ˈkɑkˌteɪl/,鸡尾酒；混合物,n.,B2
cognitive,/ˈkɑɡnətɪv/,认知的,adj.,B2
coincide,/ˌkoʊɪnˈsaɪd/,同时发生；相符,v.,B2
collaborate,/kəˈlæbəˌreɪt/,合作,v.,B2
collaboration,/kəˌlæbəˈreɪʃən/,合作；协作,n.,B2
collective,/kəˈlɛktɪv/,集体的；集体,adj.,B2
collision,/kəˈlɪʒən/,碰撞；冲突,n.,B2
colonial,/kəˈloʊniəl/,殖民的,adj.,B2
columnist,/ˈkɑləmnɪst/,专栏作家,n.,B2
combat,/ˈkɑmbæt/,战斗；与……斗争,"n., v.",B2
commence,/kəˈmɛns/,开始,v.,B2
commentary,/ˈkɑmənˌtɛri/,评论；解说,n.,B2
commentator,/ˈkɑmənˌteɪtər/,评论员；解说员,n.,B2
commerce,/ˈkɑmɝs/,商业；贸易,n.,B2
commissioner,/kəˈmɪʃənər/,专员；委员,n.,B2
commodity,/kəˈmɑdəti/,商品；日用品,n.,B2
communist,/ˈkɑmjənɪst/,共产主义者；共产主义的,adj.,B2
companion,/kəmˈpænjən/,同伴；伴侣,n.,B2
comparable,/ˈkɑmpərəbəl/,可比较的；类似的,adj.,B2
compassion,/kəmˈpæʃən/,同情；怜悯,n.,B2
compel,/kəmˈpɛl/,迫使,v.,B2
compelling,/kəmˈpɛlɪŋ/,令人信服的；引人入胜的,adj.,B2
compensate,/ˈkɑmpənˌseɪt/,补偿；弥补,v.,B2
compensation,/ˌkɑmpənˈseɪʃən/,补偿；赔偿,n.,B2
competence,/ˈkɑmpətəns/,能力；胜任,n.,B2
competent,/ˈkɑmpətənt/,有能力的；胜任的,adj.,B2
compile,/kəmˈpaɪl/,编译；汇编,v.,B2
complement,/ˈkɑmpləmənt/,补充；补足物,v.,B2
complexity,/kəmˈplɛksəti/,复杂性,n.,B2
compliance,/kəmˈplaɪəns/,遵守；合规,n.,B2
complication,/ˌkɑmpləˈkeɪʃən/,复杂情况；并发症,n.,B2
comply,/kəmˈplaɪ/,遵守；服从,v.,B2
composition,/ˌkɑmpəˈzɪʃən/,组成；构成；作文,n.,B2
compromise,/ˈkɑmprəˌmaɪz/,妥协；折中,"n., v.",B2
compute,/kəmˈpjut/,计算,v.,B2
conceal,/kənˈsil/,隐藏；隐瞒,v.,B2
concede,/kənˈsid/,承认；让步,v.,B2
conceive,/kənˈsiv/,构想；设想；怀孕,v.,B2
conception,/kənˈsɛpʃən/,概念；构想,n.,B2
concession,/kənˈsɛʃən/,让步；特许权,n.,B2
condemn,/kənˈdɛm/,谴责；判刑,v.,B2
confer,/kənˈfɝ/,授予；商议,v.,B2
confession,/kənˈfɛʃən/,忏悔；承认,n.,B2
configuration,/kənˌfɪɡjəˈreɪʃən/,配置；结构,n.,B2
confine,/kənˈfaɪn/,限制；禁闭,v.,B2
confirmation,/ˌkɑnfərˈmeɪʃən/,确认；证实,n.,B2
confront,/kənˈfrʌnt/,面对；对抗,v.,B2
confrontation,/ˌkɑnfrənˈteɪʃən/,对抗；冲突,n.,B2
congratulate,/kənˈɡrætʃəˌleɪt/,祝贺,v.,B2
congregation,/ˌkɑŋɡrəˈɡeɪʃən/,会众；集会,n.,B2
congressional,/kənˈɡrɛʃənəl/,国会的,adj.,B2
conquer,/ˈkɑŋkər/,征服；战胜,v.,B2
conscience,/ˈkɑnʃəns/,良知；良心,n.,B2
consciousness,/ˈkɑnʃəsnəs/,意识；知觉,n.,B2
consecutive,/kənˈsɛkjətɪv/,连续的,adj.,B2
consensus,/kənˈsɛnsəs/,共识,n.,B2
consent,/kənˈsɛnt/,同意；许可,"n., v.",B2
conserve,/kənˈsɝv/,保护；节约,v.,B2
consistency,/kənˈsɪstənsi/,一致性；连贯性,n.,B2
consolidate,/kənˈsɑləˌdeɪt/,巩固；合并,v.,B2
constitute,/ˈkɑnstəˌtut/,构成；组成,v.,B2
constitution,/ˌkɑnstəˈtuʃən/,宪法；构成,n.,B2
constitutional,/ˌkɑnstəˈtuʃənəl/,宪法的；体质的,adj.,B2
constraint,/kənˈstreɪnt/,限制；约束,n.,B2
consultation,/ˌkɑnsəlˈteɪʃən/,咨询；磋商,n.,B2
contemplate,/ˈkɑntəmˌpleɪt/,考虑；沉思,v.,B2
contempt,/kənˈtɛmpt/,蔑视；轻视,n.,B2
contend,/kənˈtɛnd/,声称；竞争；争夺,v.,B2
contender,/kənˈtɛndər/,竞争者；争夺者,n.,B2
content2,/kənˈtɛnt/,内容；满足的,adj.,B2
contention,/kənˈtɛnʃən/,争论；主张,n.,B2
continually,/kənˈtɪnjuəli/,不断地；持续地,adv.,B2
contractor,/kənˈtræktər/,承包商,n.,B2
contradiction,/ˌkɑntrəˈdɪkʃən/,矛盾；反驳,n.,B2
contrary,/ˈkɑnˌtrɛri/,相反的；相反,"adj., n.",B2
contributor,/kənˈtrɪbjətər/,贡献者；投稿人,n.,B2
conversion,/kənˈvɝʒən/,转换；转变,n.,B2
convict,/ˈkɑnvɪkt/,罪犯；定罪,v.,B2
conviction,/kənˈvɪkʃən/,定罪；信念,n.,B2
cooperate,/koʊˈɑpəˌreɪt/,合作,v.,B2
cooperative,/koʊˈɑpərətɪv/,合作的；合作社,adj.,B2
coordinate,/koʊˈɔrdəˌneɪt/,协调；坐标,v.,B2
coordination,/koʊˌɔrdəˈneɪʃən/,协调,n.,B2
coordinator,/koʊˈɔrdəˌneɪtər/,协调员,n.,B2
copper,/ˈkɑpər/,铜；铜币,n.,B2
copyright,/ˈkɑpiˌraɪt/,版权,n.,B2
correction,/kəˈrɛkʃən/,纠正；修正,n.,B2
correlate,/ˈkɔrəˌleɪt/,相关；使相互关联,v.,B2
correlation,/ˌkɔrəˈleɪʃən/,相关性,n.,B2
correspond,/ˌkɔrəˈspɑnd/,符合；通信,v.,B2
correspondence,/ˌkɔrəˈspɑndəns/,通信；对应关系,n.,B2
correspondent,/ˌkɔrəˈspɑndənt/,记者；通信者,n.,B2
corresponding,/ˌkɔrəˈspɑndɪŋ/,相应的；对应的,adj.,B2
corrupt,/kəˈrʌpt/,腐败的；使腐败,adj.,B2
corruption,/kəˈrʌpʃən/,腐败,n.,B2
costly,/ˈkɔstli/,昂贵的；代价高的,adj.,B2
councilor,/ˈkaʊnsələr/,议员；委员,n.,B2
counseling,/ˈkaʊnsəlɪŋ/,咨询；辅导,n.,B2
counselor,/ˈkaʊnsələr/,顾问；辅导员,n.,B2
counter,/ˈkaʊntər/,柜台；反击；计数器,(argue against) v.,B2
counterpart,/ˈkaʊntərˌpɑrt/,对应的人或物；副本,n.,B2
countless,/ˈkaʊntləs/,无数的,adj.,B2
coup,/ku/,政变,n.,B2
courtesy,/ˈkɝtəsi/,礼貌；礼仪,n.,B2
craft,/kræft/,工艺；手艺；精心制作,v.,B2
crawl,/krɔl/,爬行,v.,B2
creator,/kriˈeɪtər/,创造者；创作者,n.,B2
credibility,/ˌkrɛdəˈbɪləti/,可信度,n.,B2
credible,/ˈkrɛdəbəl/,可信的,adj.,B2
creep,/krip/,爬行；缓慢移动,v.,B2
critique,/krəˈtik/,批评；评论,n.,B2
crown,/kraʊn/,王冠；加冕,n.,B2
crude,/krud/,粗糙的；原油,adj.,B2
crush,/krʌʃ/,压碎；迷恋,v.,B2
crystal,/ˈkrɪstəl/,水晶；晶体,n.,B2
cult,/kʌlt/,邪教；狂热崇拜,"n., adj.",B2
cultivate,/ˈkʌltəˌveɪt/,培养；种植,v.,B2
curiosity,/ˌkjʊriˈɑsəti/,好奇心,n.,B2
custody,/ˈkʌstədi/,监护；拘留,n.,B2
cutting,/ˈkʌtɪŋ/,切割；削减；尖刻的,n.,B2
cynical,/ˈsɪnɪkəl/,愤世嫉俗的,adj.,B2
dam,/dæm/,水坝；阻挡,n.,B2
damaging,/ˈdæmɪdʒɪŋ/,有害的；破坏性的,adj.,B2
dawn,/dɔn/,黎明；开始出现,n.,B2
debris,/dəˈbri/,残骸；碎片,n.,B2
debut,/deɪˈbju/,首次亮相；首演,n.,B2
decision-making,/dɪˈsɪʒənˌmeɪkɪŋ/,决策,n.,B2
decisive,/dɪˈsaɪsɪv/,决定性的；果断的,adj.,B2
declaration,/ˌdɛkləˈreɪʃən/,声明；宣言,n.,B2
dedicated,/ˈdɛdəˌkeɪtɪd/,专注的；致力于……的,adj.,B2
dedication,/ˌdɛdəˈkeɪʃən/,奉献；投入,n.,B2
deed,/did/,行为；契约,n.,B2
deem,/dim/,认为；视为,v.,B2
default,/dɪˈfɔlt/,默认；违约,n.,B2
defect,/ˈdifɛkt/,缺陷；缺点,n.,B2
defensive,/dɪˈfɛnsɪv/,防御性的；防守的,adj.,B2
deficiency,/dɪˈfɪʃənsi/,缺乏；不足,n.,B2
deficit,/ˈdɛfəsɪt/,赤字；缺口,n.,B2
defy,/dɪˈfaɪ/,违抗；蔑视,v.,B2
delegate,/ˈdɛləɡət/,代表；委派,n.,B2
delegation,/ˌdɛləˈɡeɪʃən/,代表团；委派,n.,B2
delicate,/ˈdɛlɪkət/,精致的；脆弱的,adj.,B2
demon,/ˈdimən/,恶魔；魔鬼,n.,B2
denial,/dɪˈnaɪəl/,否认；拒绝,n.,B2
denounce,/dɪˈnaʊns/,谴责；公开指责,v.,B2
dense,/dɛns/,密集的；稠密的,adj.,B2
density,/ˈdɛnsəti/,密度,n.,B2
dependence,/dɪˈpɛndəns/,依赖；依赖性,n.,B2
depict,/dɪˈpɪkt/,描绘；描述,v.,B2
deploy,/dɪˈplɔɪ/,部署；调动,v.,B2
deployment,/dɪˈplɔɪmənt/,部署；配置,n.,B2
deprive,/dɪˈpraɪv/,剥夺,v.,B2
deputy,/ˈdɛpjəti/,副手；副职,n.,B2
descend,/dɪˈsɛnd/,下降；下沉,v.,B2
descent,/dɪˈsɛnt/,下降；血统,n.,B2
designate,/ˈdɛzɪɡˌneɪt/,指定；指派,v.,B2
desirable,/dɪˈzaɪrəbəl/,理想的；值得拥有的,adj.,B2
desktop,/ˈdɛskˌtɑp/,桌面；台式电脑,n.,B2
destructive,/dɪˈstrʌktɪv/,破坏性的,adj.,B2
detain,/dɪˈteɪn/,拘留；扣留,v.,B2
detection,/dɪˈtɛkʃən/,发现；侦测,n.,B2
detention,/dɪˈtɛnʃən/,拘留；扣押,n.,B2
deteriorate,/dɪˈtɪriəˌreɪt/,恶化；变坏,v.,B2
questionnaire,/ˌkwɛstʃəˈnɛr/,问卷；调查表,n.,B2
racial,/ˈreɪʃəl/,种族的,adj.,B2
racism,/ˈreɪˌsɪzəm/,种族主义；种族歧视,n.,B2
racist,/ˈreɪsɪst/,种族主义者；种族歧视的,"adj., n.",B2
radiation,/ˌreɪdiˈeɪʃən/,辐射；放射,n.,B2
rail,/reɪl/,铁轨；栏杆,n.,B2
random,/ˈrændəm/,随机的,adj.,B2
rat,/ræt/,老鼠；告密者,n.,B2
rating,/ˈreɪtɪŋ/,评级；评分,n.,B2
reasonably,/ˈrizənəbli/,合理地；相当地,adv.,B2
rebuild,/riˈbɪld/,重建；恢复,v.,B2
receiver,/rɪˈsivər/,接收器；接收者,n.,B2
recession,/rɪˈsɛʃən/,经济衰退,n.,B2
reckon,/ˈrɛkən/,认为；计算,v.,B2
recognition,/ˌrɛkəɡˈnɪʃən/,认可；识别,n.,B2
recovery,/rɪˈkʌvəri/,恢复；康复；复苏,n.,B2
recruit,/rɪˈkrut/,招募；新成员,"v., n.",B2
referee,/ˌrɛfəˈri/,裁判；仲裁人,n.,B2
refugee,/ˌrɛfjuˈdʒi/,难民,n.,B2
registration,/ˌrɛdʒɪˈstreɪʃən/,登记；注册,n.,B2
regulate,/ˈrɛɡjəˌleɪt/,监管；调节,v.,B2
reinforce,/ˌriɪnˈfɔrs/,加强；强化,v.,B2
relieve,/rɪˈliv/,缓解；解除,v.,B2
relieved,/rɪˈlivd/,放心的；宽慰的,adj.,B2
remarkable,/rɪˈmɑrkəbəl/,非凡的；显著的,adj.,B2
remarkably,/rɪˈmɑrkəbli/,显著地；非常地,adv.,B2
rental,/ˈrɛntəl/,租赁；租金,n.,B2
reporting,/rɪˈpɔrtɪŋ/,报告；报道,n.,B2
resign,/rɪˈzaɪn/,辞职,v.,B2
resolution,/ˌrɛzəˈluʃən/,解决；决议；分辨率,n.,B2
restore,/rɪˈstɔr/,恢复；修复,v.,B2
restrict,/rɪˈstrɪkt/,限制,v.,B2
restriction,/rɪˈstrɪkʃən/,限制,n.,B2
résumé,/ˈrɛzəˌmeɪ/,简历,n.,B2
retail,/ˈriˌteɪl/,零售；零售的,n.,B2
retirement,/rɪˈtaɪərmənt/,退休,n.,B2
revenue,/ˈrɛvəˌnu/,收入；税收,n.,B2
revision,/rɪˈvɪʒən/,修订；复习,n.,B2
ridiculous,/rɪˈdɪkjələs/,荒谬的；可笑的,adj.,B2
risky,/ˈrɪski/,有风险的,adj.,B2
rival,/ˈraɪvəl/,竞争对手；竞争的,"n., adj.",B2
rob,/rɑb/,抢劫,v.,B2
robbery,/ˈrɑbəri/,抢劫,n.,B2
rocket,/ˈrɑkət/,火箭；猛增,n.,B2
romance,/ˈroʊmæns/,浪漫；爱情故事,n.,B2
rose,/roʊz/,玫瑰；上升,n.,B2
roughly,/ˈrʌfli/,大约；粗略地,adv.,B2
ruin,/ˈruɪn/,毁坏；废墟,"v., n.",B2
satisfaction,/ˌsætəsˈfækʃən/,满意；满足,n.,B2
scandal,/ˈskændəl/,丑闻,n.,B2
scare,/skɛr/,使害怕；恐慌,"v., n.",B2
scenario,/səˈnɛrioʊ/,情景；场景,n.,B2
scholar,/ˈskɑlər/,学者,n.,B2
scholarship,/ˈskɑlərˌʃɪp/,奖学金；学术研究,n.,B2
scratch,/skrætʃ/,抓；刮；划痕,"v., n.",B2
screening,/ˈskrinɪŋ/,筛查；放映,n.,B2
seeker,/ˈsikər/,寻找者；探索者,n.,B2
seminar,/ˈsɛməˌnɑr/,研讨会,n.,B2
settler,/ˈsɛtlər/,定居者,n.,B2
severely,/səˈvɪrli/,严重地；严厉地,adv.,B2
sexy,/ˈsɛksi/,性感的,adj.,B2
shaped,/ʃeɪpt/,成形的；塑造的,adj.,B2
shocking,/ˈʃɑkɪŋ/,令人震惊的,adj.,B2
shore,/ʃɔr/,海岸；岸,n.,B2
shortage,/ˈʃɔrtɪdʒ/,短缺,n.,B2
shortly,/ˈʃɔrtli/,不久；简短地,adv.,B2
short-term,/ˌʃɔrt ˈtɝm/,短期的,adj.,B2
sibling,/ˈsɪblɪŋ/,兄弟姐妹,n.,B2
sidewalk,/ˈsaɪdˌwɔk/,人行道,n.,B2
signature,/ˈsɪɡnətʃər/,签名；标志,n.,B2
skilled,/skɪld/,熟练的,adj.,B2
skull,/skʌl/,头骨,n.,B2
slogan,/ˈsloʊɡən/,口号,n.,B2
so-called,/ˌsoʊ ˈkɔld/,所谓的,adj.,B2
somehow,/ˈsʌmˌhaʊ/,以某种方式；不知怎么地,adv.,B2
sometime,/ˈsʌmˌtaɪm/,某个时候,adv.,B2
sophisticated,/səˈfɪstəˌkeɪtɪd/,复杂的；老练的,adj.,B2
specialize,/ˈspɛʃəˌlaɪz/,专门研究；专攻,v.,B2
specify,/ˈspɛsəˌfaɪ/,明确说明；指定,v.,B2
spectacular,/spɛkˈtækjələr/,壮观的；惊人的,adj.,B2
spectator,/ˈspɛkˌteɪtər/,观众,n.,B2
speculate,/ˈspɛkjəˌleɪt/,推测；投机,v.,B2
speculation,/ˌspɛkjəˈleɪʃən/,推测；投机,n.,B2
spice,/spaɪs/,香料；调味品,n.,B2
spill,/spɪl/,洒出；溢出,v.,B2
spite,/spaɪt/,恶意；尽管,n.,B2
spoil,/spɔɪl/,破坏；宠坏,v.,B2
spokesman,/ˈspoʊksmən/,发言人,n.,B2
spokesperson,/ˈspoʊkˌspɝsən/,发言人,n.,B2
spokeswoman,/ˈspoʊksˌwʊmən/,女发言人,n.,B2
sponsorship,/ˈspɑnsərˌʃɪp/,赞助；赞助费,n.,B2
stall,/stɔl/,摊位；停顿；使停止,n.,B2
stance,/stæns/,立场；姿态,n.,B2
starve,/stɑrv/,挨饿；使挨饿,v.,B2
steadily,/ˈstɛdəli/,稳定地；持续地,adv.,B2
steam,/stim/,蒸汽；蒸,n.,B2
stimulate,/ˈstɪmjəˌleɪt/,刺激；促进,v.,B2
strengthen,/ˈstrɛŋθən/,加强；增强,v.,B2
strictly,/ˈstrɪktli/,严格地,adv.,B2
stroke,/stroʊk/,中风；击打；一划,n.,B2
stunning,/ˈstʌnɪŋ/,惊人的；极漂亮的,adj.,B2
subsequent,/ˈsʌbsəkwənt/,随后的；后来的,adj.,B2
subsequently,/ˈsʌbsəkwəntli/,随后；后来,adv.,B2
suburb,/ˈsʌbɝb/,郊区,n.,B2
suffering,/ˈsʌfərɪŋ/,痛苦；苦难,n.,B2
sufficient,/səˈfɪʃənt/,足够的,adj.,B2
sufficiently,/səˈfɪʃəntli/,充分地；足够地,adv.,B2
super,/ˈsupər/,超级的；极好的,adj.,B2
surgeon,/ˈsɝdʒən/,外科医生,n.,B2
survival,/sərˈvaɪvəl/,生存；幸存,n.,B2
survivor,/sərˈvaɪvər/,幸存者,n.,B2
suspend,/səˈspɛnd/,暂停；悬挂,v.,B2
sustainable,/səˈsteɪnəbəl/,可持续的,adj.,B2
swallow,/ˈswɑloʊ/,吞咽；吞下,v.,B2
sympathetic,/ˌsɪmpəˈθɛtɪk/,同情的；有同情心的,adj.,B2
tag,/tæɡ/,标签；标记,n.,B2
tap,/tæp/,轻拍；水龙头；点击,"v., n.",B2
technological,/ˌtɛknəˈlɑdʒɪkəl/,技术的；科技的,adj.,B2
teen,/tin/,青少年,"n., adj",B2
temple,/ˈtɛmpəl/,寺庙；太阳穴,n.,B2
temporarily,/ˌtɛmpəˈrɛrəli/,暂时地,adv.,B2
tendency,/ˈtɛndənsi/,趋势；倾向,n.,B2
tension,/ˈtɛnʃən/,紧张；张力,n.,B2
terms,/tɝmz/,条款；条件；术语,n.,B2
terribly,/ˈtɛrəbli/,非常；糟糕地,adv.,B2
terrify,/ˈtɛrəˌfaɪ/,使害怕；使恐惧,v.,B2
territory,/ˈtɛrəˌtɔri/,领土；领域,n.,B2
terror,/ˈtɛrər/,恐惧；恐怖,n.,B2
terrorism,/ˈtɛrəˌrɪzəm/,恐怖主义,n.,B2
terrorist,/ˈtɛrərɪst/,恐怖分子；恐怖主义的,n.,B2
testing,/ˈtɛstɪŋ/,测试；检验,n.,B2
textbook,/ˈtɛkstˌbʊk/,教科书,n.,B2
theft,/θɛft/,盗窃,n.,B2
therapist,/ˈθɛrəpɪst/,治疗师,n.,B2
thesis,/ˈθisɪs/,论文；论点,n.,B2
thorough,/ˈθɝoʊ/,彻底的；全面的,adj.,B2
thoroughly,/ˈθɝəli/,彻底地；全面地,adv.,B2
thumb,/θʌm/,拇指,n.,B2
timing,/ˈtaɪmɪŋ/,时机；时间安排,n.,B2
tissue,/ˈtɪʃu/,组织；纸巾,n.,B2
tournament,/ˈtʊrnəmənt/,锦标赛；比赛,n.,B2
trading,/ˈtreɪdɪŋ/,交易；贸易,n.,B2
tragedy,/ˈtrædʒədi/,悲剧,n.,B2
tragic,/ˈtrædʒɪk/,悲惨的；悲剧性的,adj.,B2
trait,/treɪt/,特征；特点,n.,B2
transmit,/trænzˈmɪt/,传输；传播,v.,B2
trap,/træp/,陷阱；困住,"v., n.",B2
treasure,/ˈtrɛʒər/,宝藏；珍惜,n.,B2
tribe,/traɪb/,部落,n.,B2
trillion,/ˈtrɪljən/,万亿；一万亿,number,B2
troop,/trup/,军队；部队,n.,B2
tsunami,/tsuˈnɑmi/,海啸,n.,B2
ultimate,/ˈʌltəmət/,最终的；终极的,adj.,B2
unacceptable,/ˌʌnəkˈsɛptəbəl/,不可接受的,adj.,B2
uncertainty,/ʌnˈsɝtənti/,不确定性,n.,B2
undergo,/ˌʌndərˈɡoʊ/,经历；经受,v.,B2
undertake,/ˌʌndərˈteɪk/,承担；着手做,v.,B2
unfold,/ʌnˈfoʊld/,展开；逐渐显现,v.,B2
unfortunate,/ʌnˈfɔrtʃənət/,不幸的,adj.,B2
unite,/juˈnaɪt/,团结；联合,v.,B2
unity,/ˈjunəti/,团结；统一,n.,B2
universal,/ˌjunəˈvɝsəl/,普遍的；全世界的,adj.,B2
urgent,/ˈɝdʒənt/,紧急的,adj.,B2
usage,/ˈjusɪdʒ/,使用；用法,n.,B2
useless,/ˈjusləs/,无用的,adj.,B2
valid,/ˈvælɪd/,有效的；合理的,adj.,B2
variation,/ˌvɛriˈeɪʃən/,变化；变体,n.,B2
vertical,/ˈvɝtɪkəl/,垂直的,adj.,B2
viewpoint,/ˈvjuˌpɔɪnt/,观点；看法,n.,B2
visa,/ˈvizə/,签证,n.,B2
visible,/ˈvɪzəbəl/,可见的；明显的,adj.,B2
voluntary,/ˈvɑlənˌtɛri/,自愿的,adj.,B2
voting,/ˈvoʊtɪŋ/,投票；表决,n.,B2
wander,/ˈwɑndər/,漫步；徘徊,v.,B2
warming,/ˈwɔrmɪŋ/,变暖；加热,n.,B2
weekly,/ˈwikli/,每周的；每周,adj.,B2
weird,/wɪrd/,奇怪的；怪异的,adj.,B2
welfare,/ˈwɛlˌfɛr/,福利；福祉,n.,B2
wheat,/wit/,小麦,n.,B2
whoever,/huˈɛvər/,无论谁；任何人,pron.,B2
widespread,/ˈwaɪdˌsprɛd/,广泛的；普遍的,adj.,B2
wisdom,/ˈwɪzdəm/,智慧,n.,B2
withdraw,/wɪðˈdrɔ/,撤回；退出；取款,v.,B2
wolf,/wʊlf/,狼,n.,B2
workforce,/ˈwɝkˌfɔrs/,劳动力；员工,n.,B2
workplace,/ˈwɝkˌpleɪs/,工作场所,n.,B2
workshop,/ˈwɝkˌʃɑp/,研讨会；车间,n.,B2
worm,/wɝm/,蠕虫；虫子,n.,B2
wrist,/rɪst/,手腕,n.,B2
abolish,/əˈbɑlɪʃ/,废除；取消,v.,C1
abortion,/əˈbɔrʃən/,堕胎；流产,n.,C1
absence,/ˈæbsəns/,缺席；缺乏,n.,C1
absent,/ˈæbsənt/,缺席的；不在的,adj.,C1
absurd,/əbˈsɝd/,荒谬的；不合理的,adj.,C1
abuse,/əˈbjus/,滥用；虐待,"n., v.",C1
academy,/əˈkædəmi/,学院；研究院,n.,C1
accelerate,/əkˈsɛləˌreɪt/,加速；促进,v.,C1
acceptance,/əkˈsɛptəns/,接受；认可,n.,C1
accessible,/əkˈsɛsəbəl/,可获得的；易接近的,adj.,C1
accomplishment,/əˈkɑmplɪʃmənt/,成就；完成,n.,C1
accordingly,/əˈkɔrdɪŋli/,相应地；因此,adv.,C1
accountability,/əˌkaʊntəˈbɪləti/,责任；问责,n.,C1
accountable,/əˈkaʊntəbəl/,负有责任的,adj.,C1
accumulate,/əˈkjumjəˌleɪt/,积累；积聚,v.,C1
accumulation,/əˌkjumjəˈleɪʃən/,积累；积聚,n.,C1
accusation,/ˌækjəˈzeɪʃən/,指控；控告,n.,C1
accused,/əˈkjuzd/,被告；被指控的,n.,C1
acid,/ˈæsɪd/,酸；酸性的,adj.,C1
acquisition,/ˌækwəˈzɪʃən/,获得；收购,n.,C1
activation,/ˌæktəˈveɪʃən/,激活；启动,n.,C1
activist,/ˈæktəvɪst/,活动人士,n.,C1
acute,/əˈkjut/,严重的；急性的；敏锐的,adj.,C1
adaptation,/ˌædæpˈteɪʃən/,适应；改编,n.,C1
adhere,/ədˈhɪr/,遵守；坚持,v.,C1
adjacent,/əˈdʒeɪsənt/,邻近的,adj.,C1
adjustment,/əˈdʒʌstmənt/,调整,n.,C1
administer,/ədˈmɪnəstər/,管理；实施,v.,C1
administrative,/ədˈmɪnəˌstreɪtɪv/,行政的；管理的,adj.,C1
administrator,/ədˈmɪnəˌstreɪtər/,管理员；行政人员,n.,C1
admission,/ədˈmɪʃən/,准许进入；入场费；承认,n.,C1
adolescent,/ˌædəˈlɛsənt/,青少年,n.,C1
adoption,/əˈdɑpʃən/,采用；收养,n.,C1
adverse,/ˈædvɝs/,不利的；有害的,adj.,C1
advocate,/ˈædvəˌkeɪt/,提倡；倡导者,"n., v.",C1
aesthetic,/ɛsˈθɛtɪk/,美学的；审美的,adj.,C1
affection,/əˈfɛkʃən/,喜爱；感情,n.,C1
aftermath,/ˈæftərˌmæθ/,后果；余波,n.,C1
aggression,/əˈɡrɛʃən/,侵略；攻击,n.,C1
agricultural,/ˌæɡrəˈkʌltʃərəl/,农业的,adj.,C1
aide,/eɪd/,助手；助理,n.,C1
alert,/əˈlɝt/,警觉的；警报,"v., n., adj.",C1
alien,/ˈeɪliən/,外国人；外星人；陌生的,adj.,C1
align,/əˈlaɪn/,使一致；排列,v.,C1
alignment,/əˈlaɪnmənt/,一致；排列,n.,C1
alike,/əˈlaɪk/,相似的；相同地,"adv., adj.",C1
allegation,/ˌæləˈɡeɪʃən/,指控；声称,n.,C1
allege,/əˈlɛdʒ/,声称；断言,v.,C1
allegedly,/əˈlɛdʒədli/,据称,adv.,C1
alliance,/əˈlaɪəns/,联盟；同盟,n.,C1
allocate,/ˈæləˌkeɪt/,分配,v.,C1
allocation,/ˌæləˈkeɪʃən/,分配；配置,n.,C1
allowance,/əˈlaʊəns/,津贴；限额,n.,C1
ally,/ˈælaɪ/,盟友；结盟,n.,C1
aluminum,/əˈlumənəm/,铝,n.,C1
amateur,/ˈæmətʃər/,业余爱好者；业余的,"adj., n.",C1
ambassador,/æmˈbæsədər/,大使,n.,C1
amend,/əˈmɛnd/,修改；修订,v.,C1
amendment,/əˈmɛndmənt/,修正案；修改,n.,C1
amid,/əˈmɪd/,在……之中,prep.,C1
analogy,/əˈnælədʒi/,类比；相似,n.,C1
anchor,/ˈæŋkər/,锚；主持人；固定,n.,C1
angel,/ˈeɪndʒəl/,天使,n.,C1
anonymous,/əˈnɑnəməs/,匿名的,adj.,C1
apparatus,/ˌæpəˈrætəs/,设备；器械,n.,C1
apparel,/əˈpærəl/,服装,n.,C1
appealing,/əˈpilɪŋ/,有吸引力的；恳求的,adj.,C1
appetite,/ˈæpəˌtaɪt/,食欲；欲望,n.,C1
applaud,/əˈplɔd/,鼓掌；称赞,v.,C1
applicable,/ˈæplɪkəbəl/,适用的,adj.,C1
appoint,/əˈpɔɪnt/,任命；指定,v.,C1
appreciation,/əˌpriʃiˈeɪʃən/,欣赏；感激；增值,n.,C1
arbitrary,/ˈɑrbəˌtrɛri/,任意的；武断的,adj.,C1
architectural,/ˌɑrkəˈtɛktʃərəl/,建筑的,adj.,C1
archive,/ˈɑrkaɪv/,档案；存档,n.,C1
arena,/əˈrinə/,竞技场；领域,n.,C1
array,/əˈreɪ/,数组；排列；大量,n.,C1
articulate,/ɑrˈtɪkjəˌleɪt/,清晰表达；善于表达的,v.,C1
ash,/æʃ/,灰；灰烬,n.,C1
aspiration,/ˌæspəˈreɪʃən/,抱负；渴望,n.,C1
evident,/ˈɛvədənt/,明显的；显而易见的,adj.,C1
evolution,/ˌɛvəˈluʃən/,进化；演变,n.,C1
evolve,/ɪˈvɑlv/,发展；进化,v.,C1
exceed,/ɪkˈsid/,超过；超出,v.,C1
exception,/ɪkˈsɛpʃən/,例外,n.,C1
excessive,/ɪkˈsɛsɪv/,过度的；过多的,adj.,C1
exclude,/ɪkˈsklud/,排除；不包括,v.,C1
exotic,/ɪɡˈzɑtɪk/,异国的；奇异的,adj.,C1
expansion,/ɪkˈspænʃən/,扩张；扩大,n.,C1
expedition,/ˌɛkspəˈdɪʃən/,远征；探险,n.,C1
expertise,/ˌɛkspɝˈtiz/,专业知识；专长,n.,C1
exploit,/ɪkˈsplɔɪt/,利用；开发,v.,C1
exposure,/ɪkˈspoʊʒər/,暴露；曝光,n.,C1
extension,/ɪkˈstɛnʃən/,扩展；延期,n.,C1
extensive,/ɪkˈstɛnsɪv/,广泛的；大量的,adj.,C1
extensively,/ɪkˈstɛnsɪvli/,广泛地；大量地,adv.,C1
fabric,/ˈfæbrɪk/,织物；布料,n.,C1
fabulous,/ˈfæbjələs/,极好的；难以置信的,adj.,C1
faculty,/ˈfækəlti/,学院；全体教师,n.,C1
failed,/feɪld/,失败的；未成功的,adj.,C1
fake,/feɪk/,假的；伪造,adj.,C1
fame,/feɪm/,名声；声誉,n.,C1
fantasy,/ˈfæntəsi/,幻想；想象,n.,C1
fare,/fɛr/,费用；车费,n.,C1
firefighter,/ˈfaɪərˌfaɪtər/,消防员,n.,C1
firework,/ˈfaɪərˌwɝk/,烟花,n.,C1
firmly,/ˈfɝmli/,坚定地；牢固地,adv.,C1
flavor,/ˈfleɪvər/,味道；风味,n.,C1
fond,/fɑnd/,喜爱的；喜欢的,adj.,C1
fool,/ful/,傻瓜；愚弄,n.,C1
forbid,/fərˈbɪd/,禁止,v.,C1
forecast,/ˈfɔrˌkæst/,预测；预报,"n., v.",C1
format,/ˈfɔrˌmæt/,格式；形式,n.,C1
formation,/fɔrˈmeɪʃən/,形成；编队,n.,C1
formerly,/ˈfɔrmərli/,以前；从前,adv.,C1
fortunate,/ˈfɔrtʃənət/,幸运的,adj.,C1
forum,/ˈfɔrəm/,论坛；讨论会,n.,C1
fossil,/ˈfɑsəl/,化石,n.,C1
foundation,/faʊnˈdeɪʃən/,基础；基金会,n.,C1
founder,/ˈfaʊndər/,创始人；创办者,n.,C1
fraction,/ˈfrækʃən/,部分；分数,n.,C1
fragment,/ˈfræɡmənt/,碎片；片段,n.,C1
framework,/ˈfreɪmˌwɝk/,框架,n.,C1
fraud,/frɔd/,欺诈；骗子,n.,C1
freely,/ˈfrili/,自由地；免费地,adv.,C1
frequent,/ˈfrikwənt/,频繁的,adj.,C1
fulfill,/fʊlˈfɪl/,实现；履行,v.,C1
full-time,/ˌfʊl ˈtaɪm/,全职的,adj./adv.,C1
fundamentally,/ˌfʌndəˈmɛntəli/,根本上；基本上,adv.,C1
furious,/ˈfjʊriəs/,愤怒的；狂怒的,adj.,C1
gallon,/ˈɡælən/,加仑,n.,C1
gaming,/ˈɡeɪmɪŋ/,游戏；赌博,n.,C1
gay,/ɡeɪ/,同性恋的；快乐的,adj.,C1
gender,/ˈdʒɛndər/,性别,n.,C1
gene,/dʒin/,基因,n.,C1
genetic,/dʒəˈnɛtɪk/,遗传的；基因的,adj.,C1
genius,/ˈdʒinjəs/,天才；天赋,n.,C1
genuine,/ˈdʒɛnjuən/,真正的；真诚的,adj.,C1
genuinely,/ˈdʒɛnjuənli/,真正地；真诚地,adv.,C1
gesture,/ˈdʒɛstʃər/,手势；姿态,n.,C1
globalization,/ˌɡloʊbələˈzeɪʃən/,全球化,n.,C1
globe,/gloʊb/,地球；球体,n.,C1
golden,/ˈɡoʊldən/,金色的；黄金的,adj.,C1
goodness,/ˈɡʊdnəs/,善良；美好,n.,C1
gorgeous,/ˈɡɔrdʒəs/,漂亮的；华丽的,adj.,C1
graphic,/ˈɡræfɪk/,图表；图形的,adj.,C1
graphics,/ˈɡræfɪks/,图形；图像,n.,C1
greatly,/ˈɡreɪtli/,非常；大大地,adv.,C1
greenhouse,/ˈɡrinˌhaʊs/,温室,n.,C1
guideline,/ˈɡaɪdˌlaɪn/,指导方针；准则,n.,C1
habitat,/ˈhæbəˌtæt/,栖息地；生活环境,n.,C1
harbor,/ˈhɑrbər/,港口；窝藏,n.,C1
headquarters,/ˈhɛdˌkwɔrtərz/,总部,n.,C1
heal,/hil/,治愈；康复,v.,C1
healthcare,/ˈhɛlθˌkɛr/,医疗保健,n.,C1
helmet,/ˈhɛlmət/,头盔,n.,C1
hence,/hɛns/,因此；从此,adv.,C1
herb,/ɝb/,草药；香草,n.,C1
hidden,/ˈhɪdən/,隐藏的,adj.,C1
hilarious,/hɪˈlɛriəs/,非常滑稽的,adj.,C1
hip,/hɪp/,臀部；髋部,n.,C1
historian,/hɪˈstɔriən/,历史学家,n.,C1
homeless,/ˈhoʊmləs/,无家可归的,adj.,C1
honesty,/ˈɑnəsti/,诚实,n.,C1
honey,/ˈhʌni/,蜂蜜；亲爱的,n.,C1
hopefully,/ˈhoʊpfəli/,希望如此；有希望地,adv.,C1
hunger,/ˈhʌŋɡər/,饥饿；渴望,n.,C1
hypothesis,/haɪˈpɑθəsɪs/,假设,n.,C1
icon,/ˈaɪkɑn/,图标；偶像,n.,C1
ID,/ˌaɪˈdi/,身份证明；身份,n.,C1
identical,/aɪˈdɛntɪkəl/,完全相同的,adj.,C1
illusion,/ɪˈluʒən/,幻觉；错觉,n.,C1
immigration,/ˌɪməˈɡreɪʃən/,移民；移居,n.,C1
immune,/ɪˈmjun/,免疫的,adj.,C1
implement,/ˈɪmpləˌmɛnt/,实施；工具,v.,C1
implication,/ˌɪmpləˈkeɪʃən/,含义；影响,n.,C1
incentive,/ɪnˈsɛntɪv/,激励；刺激,n.,C1
incorporate,/ɪnˈkɔrpəˌreɪt/,包含；合并,v.,C1
incorrect,/ˌɪnkəˈrɛkt/,不正确的,adj.,C1
independence,/ˌɪndɪˈpɛndəns/,独立,n.,C1
index,/ˈɪndɛks/,指数；索引,n.,C1
indication,/ˌɪndəˈkeɪʃən/,迹象；指示,n.,C1
inevitable,/ɪnˈɛvətəbəl/,不可避免的,adj.,C1
inevitably,/ɪnˈɛvətəbli/,不可避免地,adv.,C1
infer,/ɪnˈfɝ/,推断,v.,C1
inflation,/ɪnˈfleɪʃən/,通货膨胀,n.,C1
info,/ˈɪnfoʊ/,信息,n.,C1
infrastructure,/ˈɪnfrəˌstrʌktʃər/,基础设施,n.,C1
inhabitant,/ɪnˈhæbətənt/,居民,n.,C1
inherit,/ɪnˈhɛrɪt/,继承,v.,C1
ink,/ɪŋk/,墨水,n.,C1
innovation,/ˌɪnəˈveɪʃən/,创新,n.,C1
innovative,/ˈɪnəˌveɪtɪv/,创新的,adj.,C1
input,/ˈɪnˌpʊt/,输入；投入,n.,C1
insert,/ɪnˈsɝt/,插入,v.,C1
inspector,/ɪnˈspɛktər/,检查员,n.,C1
installation,/ˌɪnstəˈleɪʃən/,安装；设施,n.,C1
instant,/ˈɪnstənt/,瞬间；即时的,adj.,C1
instantly,/ˈɪnstəntli/,立即地,adv.,C1
integrate,/ˈɪntəˌɡreɪt/,整合；融入,v.,C1
interact,/ˌɪntərˈækt/,互动；相互作用,v.,C1
interaction,/ˌɪntərˈækʃən/,互动；相互作用,n.,C1
interpretation,/ɪnˌtɝprəˈteɪʃən/,解释；诠释,n.,C1
interval,/ˈɪntərvəl/,间隔,n.,C1
invade,/ɪnˈveɪd/,入侵,v.,C1
invasion,/ɪnˈveɪʒən/,入侵,n.,C1
investor,/ɪnˈvɛstər/,投资者,n.,C1
isolate,/ˈaɪsəˌleɪt/,隔离；孤立,v.,C1
isolated,/ˈaɪsəˌleɪtɪd/,孤立的；隔离的,adj.,C1
jail,/dʒeɪl/,监狱；监禁,"n., v.",C1
jet,/dʒɛt/,喷气式飞机；喷射,n.,C1
joint,/dʒɔɪnt/,联合的；关节,"adj., n.",C1
journalism,/ˈdʒɝnəˌlɪzəm/,新闻业,n.,C1
jury,/ˈdʒʊri/,陪审团,n.,C1
kindergarten,/ˈkɪndərˌɡɑrtən/,幼儿园,n.,C1
kit,/kɪt/,工具包；套件,n.,C1
ladder,/ˈlædər/,梯子；阶梯,n.,C1
landing,/ˈlændɪŋ/,着陆；登陆,n.,C1
lane,/leɪn/,车道；小路,n.,C1
lately,/ˈleɪtli/,最近,adv.,C1
legend,/ˈlɛdʒənd/,传说；传奇,n.,C1
lens,/lɛnz/,镜头；透镜,n.,C1
lifetime,/ˈlaɪfˌtaɪm/,一生；终身,n.,C1
lighting,/ˈlaɪtɪŋ/,照明；灯光,n.,C1
likewise,/ˈlaɪkˌwaɪz/,同样地；也,adv.,C1
limitation,/ˌlɪməˈteɪʃən/,限制,n.,C1
literally,/ˈlɪtərəli/,字面上；确实,adv.,C1
literary,/ˈlɪtəˌrɛri/,文学的,adj.,C1
litter,/ˈlɪtər/,垃圾；乱扔,n.,C1
logo,/ˈloʊɡoʊ/,标志；徽标,n.,C1
lottery,/ˈlɑtəri/,彩票；抽奖,n.,C1
loyal,/ˈlɔɪəl/,忠诚的,adj.,C1
lyric,/ˈlɪrɪk/,歌词；抒情诗,n.,C1
makeup,/ˈmeɪkˌʌp/,化妆品；组成,n.,C1
making,/ˈmeɪkɪŋ/,制作；形成,n.,C1
manufacture,/ˌmænjəˈfæktʃər/,制造；生产,v.,C1
manufacturing,/ˌmænjəˈfæktʃərɪŋ/,制造业；生产,n.,C1
marathon,/ˈmɛrəˌθɑn/,马拉松；持久的活动,n.,C1
margin,/ˈmɑrdʒən/,边缘；利润；余地,n.,C1
marker,/ˈmɑrkər/,标记；标志物,n.,C1
martial,/ˈmɑrʃəl/,军事的；武术的,adj.,C1
mate,/meɪt/,伙伴；配偶,"n., v.",C1
mechanic,/məˈkænɪk/,机械师,n.,C1
mechanical,/məˈkænɪkəl/,机械的,adj.,C1
mechanism,/ˈmɛkəˌnɪzəm/,机制；机械装置,n.,C1
medal,/ˈmɛdəl/,奖牌,n.,C1
medication,/ˌmɛdəˈkeɪʃən/,药物；药品,n.,C1
membership,/ˈmɛmbərˌʃɪp/,会员资格；成员,n.,C1
memorable,/ˈmɛmərəbəl/,难忘的,adj.,C1
metaphor,/ˈmɛtəˌfɔr/,隐喻；比喻,n.,C1
miner,/ˈmaɪnər/,矿工,n.,C1
miserable,/ˈmɪzərəbəl/,痛苦的；悲惨的,adj.,C1
mode,/moʊd/,模式；方式,n.,C1
modest,/ˈmɑdəst/,谦虚的；适度的,adj.,C1
monster,/ˈmɑnstər/,怪物,n.,C1
monthly,/ˈmʌnθli/,每月的；每月,adj.,C1
monument,/ˈmɑnjəmənt/,纪念碑；历史遗迹,n.,C1
moreover,/mɔrˈoʊvər/,此外；而且,adv.,C1
mortgage,/ˈmɔrɡɪdʒ/,抵押贷款,n.,C1
mosque,/mɑsk/,清真寺,n.,C1
mosquito,/məˈskitoʊ/,蚊子,n.,C1
motion,/ˈmoʊʃən/,运动；动作；动议,n.,C1
motivate,/ˈmoʊtəˌveɪt/,激励；促使,v.,C1
motivation,/ˌmoʊtəˈveɪʃən/,动机；动力,n.,C1
moving,/ˈmuvɪŋ/,感人的；移动的,adj.,C1
myth,/mɪθ/,神话；错误观念,n.,C1
naked,/ˈneɪkɪd/,裸体的；裸露的,adj.,C1
nasty,/ˈnæsti/,讨厌的；恶劣的,adj.,C1
navigation,/ˌnævəˈɡeɪʃən/,导航；航行,n.,C1
nearby,/ˌnɪrˈbaɪ/,附近的；在附近,"adj., adv.",C1
necessity,/nəˈsɛsəti/,必要性；必需品,n.,C1
negotiate,/nɪˈɡoʊʃiˌeɪt/,谈判；协商,v.,C1
negotiation,/nɪˌɡoʊʃiˈeɪʃən/,谈判；协商,n.,C1
neutral,/ˈnutrəl/,中立的,adj.,C1
newly,/ˈnuli/,最近；新近,adv.,C1
nickel,/ˈnɪkəl/,镍；五分硬币,n.,C1
norm,/nɔrm/,标准；规范,n.,C1
notebook,/ˈnoʊtˌbʊk/,笔记本,n.,C1
novelist,/ˈnɑvəlɪst/,小说家,n.,C1
nowadays,/ˈnaʊəˌdeɪz/,如今,adv.,C1
nursing,/ˈnɝsɪŋ/,护理；护理学,adj.,C1
nutrition,/nuˈtrɪʃən/,营养,n.,C1
obesity,/oʊˈbisəti/,肥胖,n.,C1
observer,/əbˈzɝvər/,观察者；观察员,n.,C1
obstacle,/ˈɑbstəkəl/,障碍；阻碍,n.,C1
occupation,/ˌɑkjəˈpeɪʃən/,职业；占领,n.,C1
occupy,/ˈɑkjəˌpaɪ/,占据；占用,v.,C1
offender,/əˈfɛndər/,罪犯；违法者,n.,C1
ongoing,/ˈɑnˌɡoʊɪŋ/,持续进行的,adj.,C1
openly,/ˈoʊpənli/,公开地,adv.,C1
opera,/ˈɑpərə/,歌剧,n.,C1
operator,/ˈɑpəˌreɪtər/,操作员；运营商,n.,C1
optimistic,/ˌɑptəˈmɪstɪk/,乐观的,adj.,C1
orchestra,/ˈɔrkəstrə/,管弦乐队,n.,C1
organic,/ɔrˈɡænɪk/,有机的；有机物,adj.,C1
outfit,/ˈaʊtˌfɪt/,全套服装；装备,n.,C1
output,/ˈaʊtˌpʊt/,输出；产量,n.,C1
outstanding,/aʊtˈstændɪŋ/,杰出的；未解决的,adj.,C1
overcome,/ˌoʊvərˈkʌm/,克服；战胜,v.,C1
overnight,/ˈoʊvərˌnaɪt/,一夜之间；连夜,adv.,C1
ownership,/ˈoʊnərˌʃɪp/,所有权,n.,C1
oxygen,/ˈɑksɪdʒən/,氧气,n.,C1
packet,/ˈpækət/,包；数据包,n.,C1
palm,/pɑm/,手掌；棕榈树,n.,C1
panic,/ˈpænɪk/,恐慌,n.,C1
parade,/pəˈreɪd/,游行；检阅,n.,C1
parallel,/ˈpɛrəˌlɛl/,平行的；相似的,"adj., n.",C1
participation,/pɑrˌtɪsəˈpeɪʃən/,参与,n.,C1
partnership,/ˈpɑrtnərˌʃɪp/,合作关系；伙伴关系,n.,C1
part-time,/ˌpɑrt ˈtaɪm/,兼职的,adj./adv.,C1
passionate,/ˈpæʃənət/,热情的；热爱的,adj.,C1
password,/ˈpæsˌwɝd/,密码,n.,C1
patch,/pætʃ/,补丁；补丁程序；修补,n.,C1
patience,/ˈpeɪʃəns/,耐心,n.,C1
pause,/pɔz/,暂停,"v., n.",C1
peer,/pɪr/,同龄人；同行,n.,C1
penalty,/ˈpɛnəlti/,处罚；罚款,n.,C1
perceive,/pərˈsiv/,感知；认为,v.,C1
perception,/pərˈsɛpʃən/,感知；看法,n.,C1
permanently,/ˈpɝmənəntli/,永久地,adv.,C1
pharmacy,/ˈfɑrməsi/,药房,n.,C1
physician,/fəˈzɪʃən/,医生,n.,C1
pill,/pɪl/,药片,n.,C1
pity,/ˈpɪti/,遗憾；怜悯,n.,C1
placement,/ˈpleɪsmənt/,安置；安排,n.,C1
portion,/ˈpɔrʃən/,部分；一份,n.,C1
potentially,/pəˈtɛnʃəli/,潜在地；可能地,adv.,C1
precede,/prɪˈsid/,先于,v.,C1
precious,/ˈprɛʃəs/,珍贵的,adj.,C1
precise,/prɪˈsaɪs/,精确的,adj.,C1
precisely,/prɪˈsaɪsli/,精确地；正是,adv.,C1
predictable,/prɪˈdɪktəbəl/,可预测的,adj.,C1
preference,/ˈprɛfərəns/,偏好,n.,C1
presidential,/ˌprɛzəˈdɛnʃəl/,总统的,adj.,C1
pride,/praɪd/,自豪；骄傲,n.,C1
primarily,/praɪˈmɛrəli/,主要地,adv.,C1
prior,/ˈpraɪər/,之前的；优先的,adj.,C1
probability,/ˌprɑbəˈbɪləti/,可能性；概率,n.,C1
probable,/ˈprɑbəbəl/,很可能的,adj.,C1
proceed,/prəˈsid/,继续；进行,v.,C1
programming,/ˈproʊˌɡræmɪŋ/,编程,n.,C1
progressive,/prəˈɡrɛsɪv/,渐进的；先进的,adj.,C1
prohibit,/proʊˈhɪbɪt/,禁止,v.,C1
promising,/ˈprɑməsɪŋ/,有前途的；有希望的,adj.,C1
promotion,/prəˈmoʊʃən/,晋升；促销,n.,C1
prompt,/prɑmpt/,提示；促使；迅速的,v.,C1
proportion,/prəˈpɔrʃən/,比例；部分,n.,C1
protein,/ˈproʊtin/,蛋白质,n.,C1
protester,/prəˈtɛstər/,抗议者,n.,C1
psychological,/ˌsaɪkəˈlɑdʒɪkəl/,心理的,adj.,C1
publicity,/pʌˈblɪsəti/,宣传；公众关注,n.,C1
publishing,/ˈpʌblɪʃɪŋ/,出版；发行,n.,C1
punk,/pʌŋk/,朋克；朋克摇滚,n.,C1
purely,/ˈpjʊrli/,纯粹地；完全地,adv.,C1
pursuit,/pərˈsut/,追求；追捕,n.,C1
puzzle,/ˈpʌzəl/,谜题；使困惑,n.,C1
barely,/ˈbɛrli/,几乎不；勉强,adv.,C1
bargain,/ˈbɑrɡən/,便宜货；讨价还价,n.,C1
comprehensive,/ˌkɑmprɪˈhɛnsɪv/,全面的；综合的,adj.,C1
comprise,/kəmˈpraɪz/,包括；由……组成,v.,C1
desperately,/ˈdɛspərətli/,拼命地；绝望地,adv.,C1
destruction,/dɪˈstrʌkʃən/,破坏；毁灭,n.,C1
basement,/ˈbeɪsmənt/,地下室,n.,C1
compulsory,/kəmˈpʌlsəri/,强制的；必修的,adj.,C1
determination,/dɪˌtɝməˈneɪʃən/,决心；决定,n.,C1
basket,/ˈbæskət/,篮子,n.,C1
concrete,/ˈkɑŋkrit/,具体的；混凝土,"adj., n.",C1
devote,/dɪˈvoʊt/,奉献；投入,v.,C1
beneficial,/ˌbɛnəˈfɪʃəl/,有益的,adj.,C1
confess,/kənˈfɛs/,承认；忏悔,v.,C1
confusion,/kənˈfjuʒən/,困惑；混乱,n.,C1
differ,/ˈdɪfər/,不同；有区别,v.,C1
dime,/daɪm/,一角硬币,n.,C1
beside,/bɪˈsaɪd/,在……旁边,prep.,C1
consequently,/ˈkɑnsəˌkwɛntli/,因此；所以,adv.,C1
disability,/ˌdɪsəˈbɪləti/,残疾；障碍,n.,C1
besides,/bɪˈsaɪdz/,此外；除了,"prep., adv.",C1
bias,/ˈbaɪəs/,偏见；偏向,n.,C1
conservation,/ˌkɑnsərˈveɪʃən/,保护；节约,n.,C1
disabled,/dɪsˈeɪbəld/,残疾的；无能力的,adj.,C1
considerable,/kənˈsɪdərəbəl/,相当大的,adj.,C1
disagreement,/ˌdɪsəˈɡrimənt/,分歧；争论,n.,C1
bid,/bɪd/,出价；投标,"n., v.",C1
considerably,/kənˈsɪdərəbli/,相当地；大大地,adv.,C1
disappoint,/ˌdɪsəˈpɔɪnt/,使失望,v.,C1
biological,/ˌbaɪəˈlɑdʒɪkəl/,生物的,adj.,C1
consistently,/kənˈsɪstəntli/,一贯地；始终,adv.,C1
disappointment,/ˌdɪsəˈpɔɪntmənt/,失望,n.,C1
blanket,/ˈblæŋkət/,毯子；全面的,n.,C1
conspiracy,/kənˈspɪrəsi/,阴谋,n.,C1
consult,/kənˈsʌlt/,咨询；请教,v.,C1
discourage,/dɪˈskɝɪdʒ/,使泄气；阻止,v.,C1
disorder,/dɪsˈɔrdər/,混乱；疾病,n.,C1
bold,/boʊld/,大胆的；粗体的,adj.,C1
consultant,/kənˈsʌltənt/,顾问,n.,C1
distant,/ˈdɪstənt/,遥远的；疏远的,adj.,C1
bombing,/ˈbɑmɪŋ/,轰炸,n.,C1
boost,/bust/,促进；提高,"v., n.",C1
consumption,/kənˈsʌmpʃən/,消费；消耗,n.,C1
controversial,/ˌkɑntrəˈvɝʃəl/,有争议的,adj.,C1
distinct,/dɪˈstɪŋkt/,明显不同的；独特的,adj.,C1
distinguish,/dɪˈstɪŋɡwɪʃ/,区分；辨别,v.,C1
bound,/baʊnd/,被束缚的；必然的,adj.,C1
controversy,/ˈkɑntrəˌvɝsi/,争议；争论,n.,C1
distract,/dɪˈstrækt/,分散注意力,v.,C1
brick,/brɪk/,砖；砖块,n.,C1
convenience,/kənˈvinjəns/,方便；便利,n.,C1
disturb,/dɪˈstɝb/,打扰；扰乱,v.,C1
briefly,/ˈbrifli/,简短地,adv.,C1
broadcaster,/ˈbrɔdˌkæstər/,广播员；电视台,n.,C1
convention,/kənˈvɛnʃən/,惯例；大会,n.,C1
conventional,/kənˈvɛnʃənəl/,传统的；惯例的,adj.,C1
dive,/daɪv/,潜水；俯冲,"v., n.",C1
diverse,/daɪˈvɝs/,多样的,adj.,C1
broadly,/ˈbrɔdli/,广泛地；大致地,adv.,C1
convey,/kənˈveɪ/,传达；运输,v.,C1
diversity,/daɪˈvɝsəti/,多样性,n.,C1
buck,/bʌk/,雄鹿；美元；抵抗,n.,C1
bug,/bʌɡ/,虫子；故障,n.,C1
convincing,/kənˈvɪnsɪŋ/,令人信服的,adj.,C1
divorce,/dɪˈvɔrs/,离婚,"n., v.",C1
dominant,/ˈdɑmənənt/,占主导地位的,adj.,C1
cabin,/ˈkæbən/,小屋；机舱,n.,C1
cop,/kɑp/,警察；抓捕,n.,C1
cope,/koʊp/,应对；处理,v.,C1
donation,/doʊˈneɪʃən/,捐赠,n.,C1
canal,/kəˈnæl/,运河；管道,n.,C1
corporation,/ˌkɔrpəˈreɪʃən/,公司；企业,n.,C1
dot,/dɑt/,点；小圆点,n.,C1
candle,/ˈkændəl/,蜡烛,n.,C1
corridor,/ˈkɔrəˌdɔr/,走廊,n.,C1
carbon,/ˈkɑrbən/,碳,n.,C1
dramatically,/drəˈmætɪkli/,显著地；戏剧性地,adv.,C1
drought,/draʊt/,干旱,n.,C1
castle,/ˈkæsəl/,城堡,n. B2,C1
coverage,/ˈkʌvərɪdʒ/,覆盖范围；报道,n.,C1
dull,/dʌl/,无聊的；暗淡的,adj.,C1
casual,/ˈkæʒuəl/,随意的；偶然的,adj.,C1
cave,/keɪv/,洞穴,n.,C1
cowboy,/ˈkaʊˌbɔɪ/,牛仔,n.,C1
crack,/kræk/,裂缝；破裂；破解,"v., n.",C1
dump,/dʌmp/,倾倒；抛弃,v.,C1
duration,/dʊˈreɪʃən/,持续时间,n.,C1
certainty,/ˈsɝtənti/,确定性；肯定,n.,C1
certificate,/sərˈtɪfɪkət/,证书,n.,C1
creativity,/ˌkriˌeɪˈtɪvəti/,创造力,n.,C1
eager,/ˈiɡər/,渴望的；热切的,adj.,C1
economics,/ˌɛkəˈnɑmɪks/,经济学,n.,C1
challenging,/ˈtʃælɪndʒɪŋ/,具有挑战性的,adj.,C1
championship,/ˈtʃæmpiənˌʃɪp/,冠军；锦标赛,n.,C1
critically,/ˈkrɪtɪkli/,批判性地；严重地,adv.,C1
cruise,/kruz/,巡航；邮轮旅行,"n., v.",C1
economist,/ɪˈkɑnəmɪst/,经济学家,n.,C1
charming,/ˈtʃɑrmɪŋ/,迷人的,adj.,C1
cue,/kju/,提示；暗示,n.,C1
editorial,/ˌɛdəˈtɔriəl/,社论；编辑的,adj.,C1
chase,/tʃeɪs/,追赶；追逐,"v., n.",C1
cheek,/tʃik/,脸颊,n.,C1
curious,/ˈkjʊriəs/,好奇的,adj.,C1
curriculum,/kəˈrɪkjələm/,课程；课程体系,n.,C1
efficiently,/ɪˈfɪʃəntli/,高效地,adv.,C1
elbow,/ˈɛlboʊ/,肘部,n.,C1
cheer,/tʃɪr/,欢呼；鼓励,"v., n.",C1
cute,/kjut/,可爱的,adj.,C1
electronics,/ɪˌlɛkˈtrɑnɪks/,电子产品；电子学,n.,C1
chop,/tʃɑp/,砍；切碎,v.,C1
circuit,/ˈsɝkət/,电路；环路,n.,C1
dairy,/ˈdɛri/,乳制品；乳制品的,"n., adj.",C1
dare,/dɛr/,敢；挑战,v.,C1
elegant,/ˈɛləɡənt/,优雅的,adj.,C1
civilization,/ˌsɪvəlɪˈzeɪʃən/,文明,n.,C1
darkness,/ˈdɑrknəs/,黑暗,n.,C1
elementary,/ˌɛləˈmɛntəri/,基本的；初级的,adj.,C1
eliminate,/ɪˈlɪməˌneɪt/,消除；淘汰,v.,C1
clarify,/ˈklɛrəˌfaɪ/,澄清；阐明,v.,C1
database,/ˈdeɪtəˌbeɪs/,数据库,n.,C1
embrace,/ɛmˈbreɪs/,拥抱；接受,v.,C1
classify,/ˈklæsəˌfaɪ/,分类,v.,C1
cliff,/klɪf/,悬崖,n.,C1
deadline,/ˈdɛdˌlaɪn/,截止日期,n.,C1
deadly,/ˈdɛdli/,致命的,adj.,C1
emission,/ɪˈmɪʃən/,排放；排放物,n.,C1
emotionally,/ɪˈmoʊʃənəli/,情感上；感情上,adv.,C1
clinic,/ˈklɪnɪk/,诊所,n.,C1
dealer,/ˈdilər/,经销商；毒贩,n.,C1
empire,/ˈɛmpaɪər/,帝国,n.,C1
clip,/klɪp/,夹子；剪辑,n.,C1
coincidence,/koʊˈɪnsədəns/,巧合,n.,C1
deck,/dɛk/,甲板；平台,n.,C1
defender,/dɪˈfɛndər/,防守者；辩护者,n.,C1
enjoyable,/ɛnˈdʒɔɪəbəl/,令人愉快的,adj.,C1
collector,/kəˈlɛktər/,收藏家；收集器,n.,C1
delete,/dɪˈlit/,删除,v.,C1
entertaining,/ˌɛntərˈteɪnɪŋ/,有趣的；娱乐性的,adj.,C1
entrepreneur,/ˌɑntrəprəˈnɝ/,企业家,n.,C1
colony,/ˈkɑləni/,殖民地；群体,n.,C1
delighted,/dɪˈlaɪtɪd/,高兴的；欣喜的,adj. B2,C1
envelope,/ˈɛnvəˌloʊp/,信封,n.,C1
colorful,/ˈkʌlərfəl/,色彩丰富的；多彩的,adj.,C1
comic,/ˈkɑmɪk/,漫画；喜剧的,"adj., n.",C1
democracy,/dɪˈmɑkrəsi/,民主；民主制度,n.,C1
democratic,/ˌdɛməˈkrætɪk/,民主的,adj.,C1
equip,/ɪˈkwɪp/,装备；配备,v.,C1
equivalent,/ɪˈkwɪvələnt/,相等的；等价物,"n., adj.",C1
commander,/kəˈmændər/,指挥官,n.,C1
demonstration,/ˌdɛmənˈstreɪʃən/,示范；示威,n.,C1
era,/ˈɪrə/,时代；时期,n.,C1
comparative,/kəmˈpærətɪv/,比较的；相对的,adj.,C1
completion,/kəmˈpliʃən/,完成,n.,C1
depart,/dɪˈpɑrt/,离开；出发,v.,C1
dependent,/dɪˈpɛndənt/,依赖的；附属的,adj.,C1
erupt,/ɪˈrʌpt/,爆发；喷发,v.,C1
essentially,/ɪˈsɛnʃəli/,本质上；基本上,adv.,C1
compose,/kəmˈpoʊz/,组成；创作,v.,C1
deposit,/dɪˈpɑzɪt/,存款；押金；沉积,"n., v.",C1
ethic,/ˈɛθɪk/,道德准则；伦理,n.,C1
composer,/kəmˈpoʊzər/,作曲家,n.,C1
depression,/dɪˈprɛʃən/,抑郁；经济萧条,n.,C1
derive,/dɪˈraɪv/,获得；源自,v.,C1
ethnic,/ˈɛθnɪk/,种族的；民族的,adj.,C1
evaluation,/ɪˌvæljuˈeɪʃən/,评估；评价,n.,C1
compound,/ˈkɑmpaʊnd/,化合物；复合的,n.,C1
absorb,/əbˈzɔrb/,吸收；吸引,v.,C1
abstract,/ˈæbstrækt/,抽象的；摘要,adj.,C1
accent,/ˈæksɛnt/,口音；重音,n.,C1
accidentally,/ˌæksəˈdɛntəli/,意外地,adv.,C1
accommodate,/əˈkɑməˌdeɪt/,容纳；适应,v.,C1
accommodation,/əˌkɑməˈdeɪʃən/,住宿；适应,n.,C1
accomplish,/əˈkɑmplɪʃ/,完成；实现,v.,C1
accountant,/əˈkaʊntənt/,会计,n.,C1
accuracy,/ˈækjərəsi/,准确性,n.,C1
accurately,/ˈækjərətli/,准确地,adv.,C1
acre,/ˈeɪkər/,英亩,n.,C1
activate,/ˈæktəˌveɪt/,激活；启动,v.,C1
addiction,/əˈdɪkʃən/,上瘾；成瘾,n.,C1
additionally,/əˈdɪʃənəli/,此外；另外,adv.,C1
adequate,/ˈædəkwət/,足够的；适当的,adj.,C1
adequately,/ˈædəkwətli/,充分地,adv.,C1
adjust,/əˈdʒʌst/,调整；适应,v.,C1
affordable,/əˈfɔrdəbəl/,负担得起的,adj.,C1
aged,/eɪdʒd/,年老的；……岁的,adj.,C1
agriculture,/ˈæɡrɪˌkʌltʃər/,农业,n.,C1
AIDS,/eɪdz/,艾滋病,n.,C1
alongside,/əˌlɔŋˈsaɪd/,在……旁边；与……一起,prep.,C1
altogether,/ˌɔltəˈɡɛðər/,总共；完全,adv.,C1
ambitious,/æmˈbɪʃəs/,有抱负的；雄心勃勃的,adj.,C1
ambulance,/ˈæmbjələns/,救护车,n.,C1
amusing,/əˈmjuzɪŋ/,有趣的；逗人笑的,adj.,C1
analyst,/ˈænəlɪst/,分析师,n.,C1
ancestor,/ˈænsɛstər/,祖先,n.,C1
animation,/ˌænəˈmeɪʃən/,动画；动画片,n.,C1
annually,/ˈænjuəli/,每年；一年一次,adv.,C1
anticipate,/ænˈtɪsəˌpeɪt/,预期；预料,v.,C1
anxiety,/æŋˈzaɪəti/,焦虑；担忧,n.,C1
apology,/əˈpɑlədʒi/,道歉,n.,C1
applicant,/ˈæplɪkənt/,申请人,n.,C1
appropriately,/əˈproʊpriətli/,适当地,adv.,C1
arrow,/ˈɛroʊ/,箭；箭头,n.,C1
artwork,/ˈɑrtˌwɝk/,艺术品；插图,n.,C1
asset,/ˈæsɛt/,资产；有价值的人或物,n.,C1
assign,/əˈsaɪn/,分配；指派,v.,C1
assistance,/əˈsɪstəns/,帮助；援助,n.,C1
assumption,/əˈsʌmpʃən/,假设；设想,n.,C1
assure,/əˈʃʊr/,保证；使确信,v.,C1
astonishing,/əˈstɑnɪʃɪŋ/,令人惊讶的,adj.,C1
athletic,/æθˈlɛtɪk/,运动的；健壮的,adj.,C1
attachment,/əˈtætʃmənt/,附件；附着,n.,C1
audio,/ˈɔdioʊ/,音频；声音,adj.,C1
awareness,/əˈwɛrnəs/,意识；认识,n.,C1
awkward,/ˈɔkwərd/,尴尬的；笨拙的,adj.,C1
badge,/bædʒ/,徽章；标志,n.,C1
balanced,/ˈbælənst/,平衡的；均衡的,adj.,C1
ballet,/bæˈleɪ/,芭蕾舞,n.,C1
balloon,/bəˈlun/,气球,n.,C1
